CREATE
DATABASE  IF NOT EXISTS `hph_db` /*!40100 DEFAULT CHARACTER SET utf8mb4 COLLATE utf8mb4_0900_ai_ci */ /*!80016 DEFAULT ENCRYPTION='N' */;
USE
`hph_db`;
-- MySQL dump 10.13  Distrib 8.0.34, for Win64 (x86_64)
--
-- Host: 127.0.0.1    Database: hph_db
-- ------------------------------------------------------
-- Server version	8.0.34

/*!40101 SET @OLD_CHARACTER_SET_CLIENT=@@CHARACTER_SET_CLIENT */;
/*!40101 SET @OLD_CHARACTER_SET_RESULTS=@@CHARACTER_SET_RESULTS */;
/*!40101 SET @OLD_COLLATION_CONNECTION=@@COLLATION_CONNECTION */;
/*!50503 SET NAMES utf8 */;
/*!40103 SET @OLD_TIME_ZONE=@@TIME_ZONE */;
/*!40103 SET TIME_ZONE='+00:00' */;
/*!40014 SET @OLD_UNIQUE_CHECKS=@@UNIQUE_CHECKS, UNIQUE_CHECKS=0 */;
/*!40014 SET @OLD_FOREIGN_KEY_CHECKS=@@FOREIGN_KEY_CHECKS, FOREIGN_KEY_CHECKS=0 */;
/*!40101 SET @OLD_SQL_MODE=@@SQL_MODE, SQL_MODE='NO_AUTO_VALUE_ON_ZERO' */;
/*!40111 SET @OLD_SQL_NOTES=@@SQL_NOTES, SQL_NOTES=0 */;

--
-- Table structure for table `bed`
--

DROP TABLE IF EXISTS `bed`;
/*!40101 SET @saved_cs_client     = @@character_set_client */;
/*!50503 SET character_set_client = utf8mb4 */;
CREATE TABLE `bed`
(
    `bed_id`     bigint NOT NULL AUTO_INCREMENT,
    `bed_name`   varchar(20) DEFAULT NULL,
    `created_at` datetime(6) DEFAULT NULL,
    `status`     varchar(50) DEFAULT NULL,
    `updated_at` datetime(6) DEFAULT NULL,
    `room_id`    bigint      DEFAULT NULL,
    `student_id` bigint      DEFAULT NULL,
    PRIMARY KEY (`bed_id`),
    UNIQUE KEY `UK_ll08rt0pbj1eh4j2yrarod0lm` (`student_id`),
    KEY          `FK115cuh725wpbt8yxq2lvgg1c9` (`room_id`),
    CONSTRAINT `FK115cuh725wpbt8yxq2lvgg1c9` FOREIGN KEY (`room_id`) REFERENCES `room` (`room_id`),
    CONSTRAINT `FKawvg73odc61efa14yxmosiyn4` FOREIGN KEY (`student_id`) REFERENCES `student` (`student_id`)
) ENGINE=InnoDB AUTO_INCREMENT=1024 DEFAULT CHARSET=utf8mb4 COLLATE=utf8mb4_0900_ai_ci;
/*!40101 SET character_set_client = @saved_cs_client */;

--
-- Dumping data for table `bed`
--

LOCK
TABLES `bed` WRITE;
/*!40000 ALTER TABLE `bed` DISABLE KEYS */;
INSERT INTO `bed`
VALUES (1, 'G505 - Bed 1', '2023-10-30 17:55:09.000000', 'vacant', '2023-10-30 17:55:09.000000', 175, NULL),
       (2, 'G405 - Bed 1', '2023-10-30 17:55:09.000000', 'vacant', '2023-10-30 17:55:09.000000', 174, NULL),
       (3, 'G305 - Bed 1', '2023-10-30 17:55:09.000000', 'vacant', '2023-10-30 17:55:09.000000', 173, NULL),
       (4, 'G205 - Bed 1', '2023-10-30 17:55:09.000000', 'vacant', '2023-10-30 17:55:09.000000', 172, NULL),
       (5, 'G105 - Bed 1', '2023-10-30 17:55:09.000000', 'vacant', '2023-10-30 17:55:09.000000', 171, NULL),
       (6, 'F505 - Bed 1', '2023-10-30 17:55:09.000000', 'vacant', '2023-10-30 17:55:09.000000', 170, NULL),
       (7, 'F405 - Bed 1', '2023-10-30 17:55:09.000000', 'vacant', '2023-10-30 17:55:09.000000', 169, NULL),
       (8, 'F305 - Bed 1', '2023-10-30 17:55:09.000000', 'vacant', '2023-10-30 17:55:09.000000', 168, NULL),
       (9, 'F205 - Bed 1', '2023-10-30 17:55:09.000000', 'vacant', '2023-10-30 17:55:09.000000', 167, NULL),
       (10, 'F105 - Bed 1', '2023-10-30 17:55:09.000000', 'vacant', '2023-10-30 17:55:09.000000', 166, NULL),
       (11, 'E505 - Bed 1', '2023-10-30 17:55:09.000000', 'vacant', '2023-10-30 17:55:09.000000', 165, NULL),
       (12, 'E405 - Bed 1', '2023-10-30 17:55:09.000000', 'vacant', '2023-10-30 17:55:09.000000', 164, NULL),
       (13, 'E305 - Bed 1', '2023-10-30 17:55:09.000000', 'vacant', '2023-10-30 17:55:09.000000', 163, NULL),
       (14, 'E205 - Bed 1', '2023-10-30 17:55:09.000000', 'vacant', '2023-10-30 17:55:09.000000', 162, NULL),
       (15, 'E105 - Bed 1', '2023-10-30 17:55:09.000000', 'vacant', '2023-10-30 17:55:09.000000', 161, NULL),
       (16, 'D505 - Bed 1', '2023-10-30 17:55:09.000000', 'vacant', '2023-10-30 17:55:09.000000', 160, NULL),
       (17, 'D405 - Bed 1', '2023-10-30 17:55:09.000000', 'vacant', '2023-10-30 17:55:09.000000', 159, NULL),
       (18, 'D305 - Bed 1', '2023-10-30 17:55:09.000000', 'vacant', '2023-10-30 17:55:09.000000', 158, NULL),
       (19, 'D205 - Bed 1', '2023-10-30 17:55:09.000000', 'vacant', '2023-10-30 17:55:09.000000', 157, NULL),
       (20, 'D105 - Bed 1', '2023-10-30 17:55:09.000000', 'vacant', '2023-10-30 17:55:09.000000', 156, NULL),
       (21, 'C505 - Bed 1', '2023-10-30 17:55:09.000000', 'vacant', '2023-10-30 17:55:09.000000', 155, NULL),
       (22, 'C405 - Bed 1', '2023-10-30 17:55:09.000000', 'vacant', '2023-10-30 17:55:09.000000', 154, NULL),
       (23, 'C305 - Bed 1', '2023-10-30 17:55:09.000000', 'vacant', '2023-10-30 17:55:09.000000', 153, NULL),
       (24, 'C205 - Bed 1', '2023-10-30 17:55:09.000000', 'vacant', '2023-10-30 17:55:09.000000', 152, NULL),
       (25, 'C105 - Bed 1', '2023-10-30 17:55:09.000000', 'vacant', '2023-10-30 17:55:09.000000', 151, NULL),
       (26, 'B505 - Bed 1', '2023-10-30 17:55:09.000000', 'vacant', '2023-10-30 17:55:09.000000', 150, NULL),
       (27, 'B405 - Bed 1', '2023-10-30 17:55:09.000000', 'vacant', '2023-10-30 17:55:09.000000', 149, NULL),
       (28, 'B305 - Bed 1', '2023-10-30 17:55:09.000000', 'vacant', '2023-10-30 17:55:09.000000', 148, NULL),
       (29, 'B205 - Bed 1', '2023-10-30 17:55:09.000000', 'vacant', '2023-10-30 17:55:09.000000', 147, NULL),
       (30, 'B105 - Bed 1', '2023-10-30 17:55:09.000000', 'vacant', '2023-10-30 17:55:09.000000', 146, NULL),
       (31, 'A505 - Bed 1', '2023-10-30 17:55:09.000000', 'vacant', '2023-10-30 17:55:09.000000', 145, NULL),
       (32, 'A405 - Bed 1', '2023-10-30 17:55:09.000000', 'vacant', '2023-10-30 17:55:09.000000', 144, NULL),
       (33, 'A305 - Bed 1', '2023-10-30 17:55:09.000000', 'vacant', '2023-10-30 17:55:09.000000', 143, NULL),
       (34, 'A205 - Bed 1', '2023-10-30 17:55:09.000000', 'vacant', '2023-10-30 17:55:09.000000', 142, NULL),
       (35, 'A105 - Bed 1', '2023-10-30 17:55:09.000000', 'vacant', '2023-10-30 17:55:09.000000', 141, NULL),
       (36, 'G504 - Bed 1', '2023-10-30 17:55:09.000000', 'vacant', '2023-10-30 17:55:09.000000', 140, NULL),
       (37, 'G404 - Bed 1', '2023-10-30 17:55:09.000000', 'vacant', '2023-10-30 17:55:09.000000', 139, NULL),
       (38, 'G304 - Bed 1', '2023-10-30 17:55:09.000000', 'vacant', '2023-10-30 17:55:09.000000', 138, NULL),
       (39, 'G204 - Bed 1', '2023-10-30 17:55:09.000000', 'vacant', '2023-10-30 17:55:09.000000', 137, NULL),
       (40, 'G104 - Bed 1', '2023-10-30 17:55:09.000000', 'vacant', '2023-10-30 17:55:09.000000', 136, NULL),
       (41, 'F504 - Bed 1', '2023-10-30 17:55:09.000000', 'vacant', '2023-10-30 17:55:09.000000', 135, NULL),
       (42, 'F404 - Bed 1', '2023-10-30 17:55:09.000000', 'vacant', '2023-10-30 17:55:09.000000', 134, NULL),
       (43, 'F304 - Bed 1', '2023-10-30 17:55:09.000000', 'vacant', '2023-10-30 17:55:09.000000', 133, NULL),
       (44, 'F204 - Bed 1', '2023-10-30 17:55:09.000000', 'vacant', '2023-10-30 17:55:09.000000', 132, NULL),
       (45, 'F104 - Bed 1', '2023-10-30 17:55:09.000000', 'vacant', '2023-10-30 17:55:09.000000', 131, NULL),
       (46, 'E504 - Bed 1', '2023-10-30 17:55:09.000000', 'vacant', '2023-10-30 17:55:09.000000', 130, NULL),
       (47, 'E404 - Bed 1', '2023-10-30 17:55:09.000000', 'vacant', '2023-10-30 17:55:09.000000', 129, NULL),
       (48, 'E304 - Bed 1', '2023-10-30 17:55:09.000000', 'vacant', '2023-10-30 17:55:09.000000', 128, NULL),
       (49, 'E204 - Bed 1', '2023-10-30 17:55:09.000000', 'vacant', '2023-10-30 17:55:09.000000', 127, NULL),
       (50, 'E104 - Bed 1', '2023-10-30 17:55:09.000000', 'vacant', '2023-10-30 17:55:09.000000', 126, NULL),
       (51, 'D504 - Bed 1', '2023-10-30 17:55:09.000000', 'vacant', '2023-10-30 17:55:09.000000', 125, NULL),
       (52, 'D404 - Bed 1', '2023-10-30 17:55:09.000000', 'vacant', '2023-10-30 17:55:09.000000', 124, NULL),
       (53, 'D304 - Bed 1', '2023-10-30 17:55:09.000000', 'vacant', '2023-10-30 17:55:09.000000', 123, NULL),
       (54, 'D204 - Bed 1', '2023-10-30 17:55:09.000000', 'vacant', '2023-10-30 17:55:09.000000', 122, NULL),
       (55, 'D104 - Bed 1', '2023-10-30 17:55:09.000000', 'vacant', '2023-10-30 17:55:09.000000', 121, NULL),
       (56, 'C504 - Bed 1', '2023-10-30 17:55:09.000000', 'vacant', '2023-10-30 17:55:09.000000', 120, NULL),
       (57, 'C404 - Bed 1', '2023-10-30 17:55:09.000000', 'vacant', '2023-10-30 17:55:09.000000', 119, NULL),
       (58, 'C304 - Bed 1', '2023-10-30 17:55:09.000000', 'vacant', '2023-10-30 17:55:09.000000', 118, NULL),
       (59, 'C204 - Bed 1', '2023-10-30 17:55:09.000000', 'vacant', '2023-10-30 17:55:09.000000', 117, NULL),
       (60, 'C104 - Bed 1', '2023-10-30 17:55:09.000000', 'vacant', '2023-10-30 17:55:09.000000', 116, NULL),
       (61, 'B504 - Bed 1', '2023-10-30 17:55:09.000000', 'vacant', '2023-10-30 17:55:09.000000', 115, NULL),
       (62, 'B404 - Bed 1', '2023-10-30 17:55:09.000000', 'vacant', '2023-10-30 17:55:09.000000', 114, NULL),
       (63, 'B304 - Bed 1', '2023-10-30 17:55:09.000000', 'vacant', '2023-10-30 17:55:09.000000', 113, NULL),
       (64, 'B204 - Bed 1', '2023-10-30 17:55:09.000000', 'vacant', '2023-10-30 17:55:09.000000', 112, NULL),
       (65, 'B104 - Bed 1', '2023-10-30 17:55:09.000000', 'vacant', '2023-10-30 17:55:09.000000', 111, NULL),
       (66, 'A504 - Bed 1', '2023-10-30 17:55:09.000000', 'vacant', '2023-10-30 17:55:09.000000', 110, NULL),
       (67, 'A404 - Bed 1', '2023-10-30 17:55:09.000000', 'vacant', '2023-10-30 17:55:09.000000', 109, NULL),
       (68, 'A304 - Bed 1', '2023-10-30 17:55:09.000000', 'vacant', '2023-10-30 17:55:09.000000', 108, NULL),
       (69, 'A204 - Bed 1', '2023-10-30 17:55:09.000000', 'vacant', '2023-10-30 17:55:09.000000', 107, NULL),
       (70, 'A104 - Bed 1', '2023-10-30 17:55:09.000000', 'vacant', '2023-10-30 17:55:09.000000', 106, NULL),
       (71, 'G503 - Bed 1', '2023-10-30 17:55:09.000000', 'vacant', '2023-10-30 17:55:09.000000', 105, NULL),
       (72, 'G403 - Bed 1', '2023-10-30 17:55:09.000000', 'vacant', '2023-10-30 17:55:09.000000', 104, NULL),
       (73, 'G303 - Bed 1', '2023-10-30 17:55:09.000000', 'vacant', '2023-10-30 17:55:09.000000', 103, NULL),
       (74, 'G203 - Bed 1', '2023-10-30 17:55:09.000000', 'vacant', '2023-10-30 17:55:09.000000', 102, NULL),
       (75, 'G103 - Bed 1', '2023-10-30 17:55:09.000000', 'vacant', '2023-10-30 17:55:09.000000', 101, NULL),
       (76, 'F503 - Bed 1', '2023-10-30 17:55:09.000000', 'vacant', '2023-10-30 17:55:09.000000', 100, NULL),
       (77, 'F403 - Bed 1', '2023-10-30 17:55:09.000000', 'vacant', '2023-10-30 17:55:09.000000', 99, NULL),
       (78, 'F303 - Bed 1', '2023-10-30 17:55:09.000000', 'vacant', '2023-10-30 17:55:09.000000', 98, NULL),
       (79, 'F203 - Bed 1', '2023-10-30 17:55:09.000000', 'vacant', '2023-10-30 17:55:09.000000', 97, NULL),
       (80, 'F103 - Bed 1', '2023-10-30 17:55:09.000000', 'vacant', '2023-10-30 17:55:09.000000', 96, NULL),
       (81, 'E503 - Bed 1', '2023-10-30 17:55:09.000000', 'vacant', '2023-10-30 17:55:09.000000', 95, NULL),
       (82, 'E403 - Bed 1', '2023-10-30 17:55:09.000000', 'vacant', '2023-10-30 17:55:09.000000', 94, NULL),
       (83, 'E303 - Bed 1', '2023-10-30 17:55:09.000000', 'vacant', '2023-10-30 17:55:09.000000', 93, NULL),
       (84, 'E203 - Bed 1', '2023-10-30 17:55:09.000000', 'vacant', '2023-10-30 17:55:09.000000', 92, NULL),
       (85, 'E103 - Bed 1', '2023-10-30 17:55:09.000000', 'vacant', '2023-10-30 17:55:09.000000', 91, NULL),
       (86, 'D503 - Bed 1', '2023-10-30 17:55:09.000000', 'vacant', '2023-10-30 17:55:09.000000', 90, NULL),
       (87, 'D403 - Bed 1', '2023-10-30 17:55:09.000000', 'vacant', '2023-10-30 17:55:09.000000', 89, NULL),
       (88, 'D303 - Bed 1', '2023-10-30 17:55:09.000000', 'vacant', '2023-10-30 17:55:09.000000', 88, NULL),
       (89, 'D203 - Bed 1', '2023-10-30 17:55:09.000000', 'vacant', '2023-10-30 17:55:09.000000', 87, NULL),
       (90, 'D103 - Bed 1', '2023-10-30 17:55:09.000000', 'vacant', '2023-10-30 17:55:09.000000', 86, NULL),
       (91, 'C503 - Bed 1', '2023-10-30 17:55:09.000000', 'vacant', '2023-10-30 17:55:09.000000', 85, NULL),
       (92, 'C403 - Bed 1', '2023-10-30 17:55:09.000000', 'vacant', '2023-10-30 17:55:09.000000', 84, NULL),
       (93, 'C303 - Bed 1', '2023-10-30 17:55:09.000000', 'vacant', '2023-10-30 17:55:09.000000', 83, NULL),
       (94, 'C203 - Bed 1', '2023-10-30 17:55:09.000000', 'vacant', '2023-10-30 17:55:09.000000', 82, NULL),
       (95, 'C103 - Bed 1', '2023-10-30 17:55:09.000000', 'vacant', '2023-10-30 17:55:09.000000', 81, NULL),
       (96, 'B503 - Bed 1', '2023-10-30 17:55:09.000000', 'vacant', '2023-10-30 17:55:09.000000', 80, NULL),
       (97, 'B403 - Bed 1', '2023-10-30 17:55:09.000000', 'vacant', '2023-10-30 17:55:09.000000', 79, NULL),
       (98, 'B303 - Bed 1', '2023-10-30 17:55:09.000000', 'vacant', '2023-10-30 17:55:09.000000', 78, NULL),
       (99, 'B203 - Bed 1', '2023-10-30 17:55:09.000000', 'vacant', '2023-10-30 17:55:09.000000', 77, NULL),
       (100, 'B103 - Bed 1', '2023-10-30 17:55:09.000000', 'vacant', '2023-10-30 17:55:09.000000', 76, NULL),
       (101, 'A503 - Bed 1', '2023-10-30 17:55:09.000000', 'vacant', '2023-10-30 17:55:09.000000', 75, NULL),
       (102, 'A403 - Bed 1', '2023-10-30 17:55:09.000000', 'vacant', '2023-10-30 17:55:09.000000', 74, NULL),
       (103, 'A303 - Bed 1', '2023-10-30 17:55:09.000000', 'vacant', '2023-10-30 17:55:09.000000', 73, NULL),
       (104, 'A203 - Bed 1', '2023-10-30 17:55:09.000000', 'vacant', '2023-10-30 17:55:09.000000', 72, NULL),
       (105, 'A103 - Bed 1', '2023-10-30 17:55:09.000000', 'vacant', '2023-10-30 17:55:09.000000', 71, NULL),
       (106, 'G502 - Bed 1', '2023-10-30 17:55:09.000000', 'vacant', '2023-10-30 17:55:09.000000', 70, NULL),
       (107, 'G402 - Bed 1', '2023-10-30 17:55:09.000000', 'vacant', '2023-10-30 17:55:09.000000', 69, NULL),
       (108, 'G302 - Bed 1', '2023-10-30 17:55:09.000000', 'vacant', '2023-10-30 17:55:09.000000', 68, NULL),
       (109, 'G202 - Bed 1', '2023-10-30 17:55:09.000000', 'vacant', '2023-10-30 17:55:09.000000', 67, NULL),
       (110, 'G102 - Bed 1', '2023-10-30 17:55:09.000000', 'vacant', '2023-10-30 17:55:09.000000', 66, NULL),
       (111, 'F502 - Bed 1', '2023-10-30 17:55:09.000000', 'vacant', '2023-10-30 17:55:09.000000', 65, NULL),
       (112, 'F402 - Bed 1', '2023-10-30 17:55:09.000000', 'vacant', '2023-10-30 17:55:09.000000', 64, NULL),
       (113, 'F302 - Bed 1', '2023-10-30 17:55:09.000000', 'vacant', '2023-10-30 17:55:09.000000', 63, NULL),
       (114, 'F202 - Bed 1', '2023-10-30 17:55:09.000000', 'vacant', '2023-10-30 17:55:09.000000', 62, NULL),
       (115, 'F102 - Bed 1', '2023-10-30 17:55:09.000000', 'vacant', '2023-10-30 17:55:09.000000', 61, NULL),
       (116, 'E502 - Bed 1', '2023-10-30 17:55:09.000000', 'vacant', '2023-10-30 17:55:09.000000', 60, NULL),
       (117, 'E402 - Bed 1', '2023-10-30 17:55:09.000000', 'vacant', '2023-10-30 17:55:09.000000', 59, NULL),
       (118, 'E302 - Bed 1', '2023-10-30 17:55:09.000000', 'vacant', '2023-10-30 17:55:09.000000', 58, NULL),
       (119, 'E202 - Bed 1', '2023-10-30 17:55:09.000000', 'vacant', '2023-10-30 17:55:09.000000', 57, NULL),
       (120, 'E102 - Bed 1', '2023-10-30 17:55:09.000000', 'vacant', '2023-10-30 17:55:09.000000', 56, NULL),
       (121, 'D502 - Bed 1', '2023-10-30 17:55:09.000000', 'vacant', '2023-10-30 17:55:09.000000', 55, NULL),
       (122, 'D402 - Bed 1', '2023-10-30 17:55:09.000000', 'vacant', '2023-10-30 17:55:09.000000', 54, NULL),
       (123, 'D302 - Bed 1', '2023-10-30 17:55:09.000000', 'vacant', '2023-10-30 17:55:09.000000', 53, NULL),
       (124, 'D202 - Bed 1', '2023-10-30 17:55:09.000000', 'vacant', '2023-10-30 17:55:09.000000', 52, NULL),
       (125, 'D102 - Bed 1', '2023-10-30 17:55:09.000000', 'vacant', '2023-10-30 17:55:09.000000', 51, NULL),
       (126, 'C502 - Bed 1', '2023-10-30 17:55:09.000000', 'vacant', '2023-10-30 17:55:09.000000', 50, NULL),
       (127, 'C402 - Bed 1', '2023-10-30 17:55:09.000000', 'vacant', '2023-10-30 17:55:09.000000', 49, NULL),
       (128, 'C302 - Bed 1', '2023-10-30 17:55:09.000000', 'vacant', '2023-10-30 17:55:09.000000', 48, NULL),
       (129, 'C202 - Bed 1', '2023-10-30 17:55:09.000000', 'vacant', '2023-10-30 17:55:09.000000', 47, NULL),
       (130, 'C102 - Bed 1', '2023-10-30 17:55:09.000000', 'vacant', '2023-10-30 17:55:09.000000', 46, NULL),
       (131, 'B502 - Bed 1', '2023-10-30 17:55:09.000000', 'vacant', '2023-10-30 17:55:09.000000', 45, NULL),
       (132, 'B402 - Bed 1', '2023-10-30 17:55:09.000000', 'vacant', '2023-10-30 17:55:09.000000', 44, NULL),
       (133, 'B302 - Bed 1', '2023-10-30 17:55:09.000000', 'vacant', '2023-10-30 17:55:09.000000', 43, NULL),
       (134, 'B202 - Bed 1', '2023-10-30 17:55:09.000000', 'vacant', '2023-10-30 17:55:09.000000', 42, NULL),
       (135, 'B102 - Bed 1', '2023-10-30 17:55:09.000000', 'vacant', '2023-10-30 17:55:09.000000', 41, NULL),
       (136, 'A502 - Bed 1', '2023-10-30 17:55:09.000000', 'vacant', '2023-10-30 17:55:09.000000', 40, NULL),
       (137, 'A402 - Bed 1', '2023-10-30 17:55:09.000000', 'vacant', '2023-10-30 17:55:09.000000', 39, NULL),
       (138, 'A302 - Bed 1', '2023-10-30 17:55:09.000000', 'vacant', '2023-10-30 17:55:09.000000', 38, NULL),
       (139, 'A202 - Bed 1', '2023-10-30 17:55:09.000000', 'vacant', '2023-10-30 17:55:09.000000', 37, NULL),
       (140, 'A102 - Bed 1', '2023-10-30 17:55:09.000000', 'vacant', '2023-10-30 17:55:09.000000', 36, NULL),
       (141, 'G501 - Bed 1', '2023-10-30 17:55:09.000000', 'vacant', '2023-10-30 17:55:09.000000', 35, NULL),
       (142, 'G401 - Bed 1', '2023-10-30 17:55:09.000000', 'vacant', '2023-10-30 17:55:09.000000', 34, NULL),
       (143, 'G301 - Bed 1', '2023-10-30 17:55:09.000000', 'vacant', '2023-10-30 17:55:09.000000', 33, NULL),
       (144, 'G201 - Bed 1', '2023-10-30 17:55:09.000000', 'vacant', '2023-10-30 17:55:09.000000', 32, NULL),
       (145, 'G101 - Bed 1', '2023-10-30 17:55:09.000000', 'vacant', '2023-10-30 17:55:09.000000', 31, NULL),
       (146, 'F501 - Bed 1', '2023-10-30 17:55:09.000000', 'vacant', '2023-10-30 17:55:09.000000', 30, NULL),
       (147, 'F401 - Bed 1', '2023-10-30 17:55:09.000000', 'vacant', '2023-10-30 17:55:09.000000', 29, NULL),
       (148, 'F301 - Bed 1', '2023-10-30 17:55:09.000000', 'vacant', '2023-10-30 17:55:09.000000', 28, NULL),
       (149, 'F201 - Bed 1', '2023-10-30 17:55:09.000000', 'vacant', '2023-10-30 17:55:09.000000', 27, NULL),
       (150, 'F101 - Bed 1', '2023-10-30 17:55:09.000000', 'vacant', '2023-10-30 17:55:09.000000', 26, NULL),
       (151, 'E501 - Bed 1', '2023-10-30 17:55:09.000000', 'vacant', '2023-10-30 17:55:09.000000', 25, NULL),
       (152, 'E401 - Bed 1', '2023-10-30 17:55:09.000000', 'vacant', '2023-10-30 17:55:09.000000', 24, NULL),
       (153, 'E301 - Bed 1', '2023-10-30 17:55:09.000000', 'vacant', '2023-10-30 17:55:09.000000', 23, NULL),
       (154, 'E201 - Bed 1', '2023-10-30 17:55:09.000000', 'vacant', '2023-10-30 17:55:09.000000', 22, NULL),
       (155, 'E101 - Bed 1', '2023-10-30 17:55:09.000000', 'vacant', '2023-10-30 17:55:09.000000', 21, NULL),
       (156, 'D501 - Bed 1', '2023-10-30 17:55:09.000000', 'vacant', '2023-10-30 17:55:09.000000', 20, NULL),
       (157, 'D401 - Bed 1', '2023-10-30 17:55:09.000000', 'vacant', '2023-10-30 17:55:09.000000', 19, NULL),
       (158, 'D301 - Bed 1', '2023-10-30 17:55:09.000000', 'vacant', '2023-10-30 17:55:09.000000', 18, NULL),
       (159, 'D201 - Bed 1', '2023-10-30 17:55:09.000000', 'vacant', '2023-10-30 17:55:09.000000', 17, NULL),
       (160, 'D101 - Bed 1', '2023-10-30 17:55:09.000000', 'vacant', '2023-10-30 17:55:09.000000', 16, NULL),
       (161, 'C501 - Bed 1', '2023-10-30 17:55:09.000000', 'vacant', '2023-10-30 17:55:09.000000', 15, NULL),
       (162, 'C401 - Bed 1', '2023-10-30 17:55:09.000000', 'vacant', '2023-10-30 17:55:09.000000', 14, NULL),
       (163, 'C301 - Bed 1', '2023-10-30 17:55:09.000000', 'vacant', '2023-10-30 17:55:09.000000', 13, NULL),
       (164, 'C201 - Bed 1', '2023-10-30 17:55:09.000000', 'vacant', '2023-10-30 17:55:09.000000', 12, NULL),
       (165, 'C101 - Bed 1', '2023-10-30 17:55:09.000000', 'vacant', '2023-10-30 17:55:09.000000', 11, NULL),
       (166, 'B501 - Bed 1', '2023-10-30 17:55:09.000000', 'vacant', '2023-10-30 17:55:09.000000', 10, NULL),
       (167, 'B401 - Bed 1', '2023-10-30 17:55:09.000000', 'vacant', '2023-10-30 17:55:09.000000', 9, NULL),
       (168, 'B301 - Bed 1', '2023-10-30 17:55:09.000000', 'vacant', '2023-10-30 17:55:09.000000', 8, NULL),
       (169, 'B201 - Bed 1', '2023-10-30 17:55:09.000000', 'vacant', '2023-10-30 17:55:09.000000', 7, NULL),
       (170, 'B101 - Bed 1', '2023-10-30 17:55:09.000000', 'vacant', '2023-10-30 17:55:09.000000', 6, NULL),
       (171, 'A501 - Bed 1', '2023-10-30 17:55:09.000000', 'vacant', '2023-10-30 17:55:09.000000', 5, NULL),
       (172, 'A401 - Bed 1', '2023-10-30 17:55:09.000000', 'vacant', '2023-10-30 17:55:09.000000', 4, NULL),
       (173, 'A301 - Bed 1', '2023-10-30 17:55:09.000000', 'vacant', '2023-10-30 17:55:09.000000', 3, NULL),
       (174, 'A201 - Bed 1', '2023-10-30 17:55:09.000000', 'vacant', '2023-10-30 17:55:09.000000', 2, NULL),
       (175, 'A101 - Bed 1', '2023-10-30 17:55:09.000000', 'vacant', '2023-10-31 01:56:03.289275', 1, NULL),
       (176, 'G505 - Bed 2', '2023-10-30 17:55:09.000000', 'vacant', '2023-10-30 17:55:09.000000', 175, NULL),
       (177, 'G405 - Bed 2', '2023-10-30 17:55:09.000000', 'vacant', '2023-10-30 17:55:09.000000', 174, NULL),
       (178, 'G305 - Bed 2', '2023-10-30 17:55:09.000000', 'vacant', '2023-10-30 17:55:09.000000', 173, NULL),
       (179, 'G205 - Bed 2', '2023-10-30 17:55:09.000000', 'vacant', '2023-10-30 17:55:09.000000', 172, NULL),
       (180, 'G105 - Bed 2', '2023-10-30 17:55:09.000000', 'vacant', '2023-10-30 17:55:09.000000', 171, NULL),
       (181, 'F505 - Bed 2', '2023-10-30 17:55:09.000000', 'vacant', '2023-10-30 17:55:09.000000', 170, NULL),
       (182, 'F405 - Bed 2', '2023-10-30 17:55:09.000000', 'vacant', '2023-10-30 17:55:09.000000', 169, NULL),
       (183, 'F305 - Bed 2', '2023-10-30 17:55:09.000000', 'vacant', '2023-10-30 17:55:09.000000', 168, NULL),
       (184, 'F205 - Bed 2', '2023-10-30 17:55:09.000000', 'vacant', '2023-10-30 17:55:09.000000', 167, NULL),
       (185, 'F105 - Bed 2', '2023-10-30 17:55:09.000000', 'vacant', '2023-10-30 17:55:09.000000', 166, NULL),
       (186, 'E505 - Bed 2', '2023-10-30 17:55:09.000000', 'vacant', '2023-10-30 17:55:09.000000', 165, NULL),
       (187, 'E405 - Bed 2', '2023-10-30 17:55:09.000000', 'vacant', '2023-10-30 17:55:09.000000', 164, NULL),
       (188, 'E305 - Bed 2', '2023-10-30 17:55:09.000000', 'vacant', '2023-10-30 17:55:09.000000', 163, NULL),
       (189, 'E205 - Bed 2', '2023-10-30 17:55:09.000000', 'vacant', '2023-10-30 17:55:09.000000', 162, NULL),
       (190, 'E105 - Bed 2', '2023-10-30 17:55:09.000000', 'vacant', '2023-10-30 17:55:09.000000', 161, NULL),
       (191, 'D505 - Bed 2', '2023-10-30 17:55:09.000000', 'vacant', '2023-10-30 17:55:09.000000', 160, NULL),
       (192, 'D405 - Bed 2', '2023-10-30 17:55:09.000000', 'vacant', '2023-10-30 17:55:09.000000', 159, NULL),
       (193, 'D305 - Bed 2', '2023-10-30 17:55:09.000000', 'vacant', '2023-10-30 17:55:09.000000', 158, NULL),
       (194, 'D205 - Bed 2', '2023-10-30 17:55:09.000000', 'vacant', '2023-10-30 17:55:09.000000', 157, NULL),
       (195, 'D105 - Bed 2', '2023-10-30 17:55:09.000000', 'vacant', '2023-10-30 17:55:09.000000', 156, NULL),
       (196, 'C505 - Bed 2', '2023-10-30 17:55:09.000000', 'vacant', '2023-10-30 17:55:09.000000', 155, NULL),
       (197, 'C405 - Bed 2', '2023-10-30 17:55:09.000000', 'vacant', '2023-10-30 17:55:09.000000', 154, NULL),
       (198, 'C305 - Bed 2', '2023-10-30 17:55:09.000000', 'vacant', '2023-10-30 17:55:09.000000', 153, NULL),
       (199, 'C205 - Bed 2', '2023-10-30 17:55:09.000000', 'vacant', '2023-10-30 17:55:09.000000', 152, NULL),
       (200, 'C105 - Bed 2', '2023-10-30 17:55:09.000000', 'vacant', '2023-10-30 17:55:09.000000', 151, NULL),
       (201, 'B505 - Bed 2', '2023-10-30 17:55:09.000000', 'vacant', '2023-10-30 17:55:09.000000', 150, NULL),
       (202, 'B405 - Bed 2', '2023-10-30 17:55:09.000000', 'vacant', '2023-10-30 17:55:09.000000', 149, NULL),
       (203, 'B305 - Bed 2', '2023-10-30 17:55:09.000000', 'vacant', '2023-10-30 17:55:09.000000', 148, NULL),
       (204, 'B205 - Bed 2', '2023-10-30 17:55:09.000000', 'vacant', '2023-10-30 17:55:09.000000', 147, NULL),
       (205, 'B105 - Bed 2', '2023-10-30 17:55:09.000000', 'vacant', '2023-10-30 17:55:09.000000', 146, NULL),
       (206, 'A505 - Bed 2', '2023-10-30 17:55:09.000000', 'vacant', '2023-10-30 17:55:09.000000', 145, NULL),
       (207, 'A405 - Bed 2', '2023-10-30 17:55:09.000000', 'vacant', '2023-10-30 17:55:09.000000', 144, NULL),
       (208, 'A305 - Bed 2', '2023-10-30 17:55:09.000000', 'vacant', '2023-10-30 17:55:09.000000', 143, NULL),
       (209, 'A205 - Bed 2', '2023-10-30 17:55:09.000000', 'vacant', '2023-10-30 17:55:09.000000', 142, NULL),
       (210, 'A105 - Bed 2', '2023-10-30 17:55:09.000000', 'vacant', '2023-10-30 17:55:09.000000', 141, NULL),
       (211, 'G504 - Bed 2', '2023-10-30 17:55:09.000000', 'vacant', '2023-10-30 17:55:09.000000', 140, NULL),
       (212, 'G404 - Bed 2', '2023-10-30 17:55:09.000000', 'vacant', '2023-10-30 17:55:09.000000', 139, NULL),
       (213, 'G304 - Bed 2', '2023-10-30 17:55:09.000000', 'vacant', '2023-10-30 17:55:09.000000', 138, NULL),
       (214, 'G204 - Bed 2', '2023-10-30 17:55:09.000000', 'vacant', '2023-10-30 17:55:09.000000', 137, NULL),
       (215, 'G104 - Bed 2', '2023-10-30 17:55:09.000000', 'vacant', '2023-10-30 17:55:09.000000', 136, NULL),
       (216, 'F504 - Bed 2', '2023-10-30 17:55:09.000000', 'vacant', '2023-10-30 17:55:09.000000', 135, NULL),
       (217, 'F404 - Bed 2', '2023-10-30 17:55:09.000000', 'vacant', '2023-10-30 17:55:09.000000', 134, NULL),
       (218, 'F304 - Bed 2', '2023-10-30 17:55:09.000000', 'vacant', '2023-10-30 17:55:09.000000', 133, NULL),
       (219, 'F204 - Bed 2', '2023-10-30 17:55:09.000000', 'vacant', '2023-10-30 17:55:09.000000', 132, NULL),
       (220, 'F104 - Bed 2', '2023-10-30 17:55:09.000000', 'vacant', '2023-10-30 17:55:09.000000', 131, NULL),
       (221, 'E504 - Bed 2', '2023-10-30 17:55:09.000000', 'vacant', '2023-10-30 17:55:09.000000', 130, NULL),
       (222, 'E404 - Bed 2', '2023-10-30 17:55:09.000000', 'vacant', '2023-10-30 17:55:09.000000', 129, NULL),
       (223, 'E304 - Bed 2', '2023-10-30 17:55:09.000000', 'vacant', '2023-10-30 17:55:09.000000', 128, NULL),
       (224, 'E204 - Bed 2', '2023-10-30 17:55:09.000000', 'vacant', '2023-10-30 17:55:09.000000', 127, NULL),
       (225, 'E104 - Bed 2', '2023-10-30 17:55:09.000000', 'vacant', '2023-10-30 17:55:09.000000', 126, NULL),
       (226, 'D504 - Bed 2', '2023-10-30 17:55:09.000000', 'vacant', '2023-10-30 17:55:09.000000', 125, NULL),
       (227, 'D404 - Bed 2', '2023-10-30 17:55:09.000000', 'vacant', '2023-10-30 17:55:09.000000', 124, NULL),
       (228, 'D304 - Bed 2', '2023-10-30 17:55:09.000000', 'vacant', '2023-10-30 17:55:09.000000', 123, NULL),
       (229, 'D204 - Bed 2', '2023-10-30 17:55:09.000000', 'vacant', '2023-10-30 17:55:09.000000', 122, NULL),
       (230, 'D104 - Bed 2', '2023-10-30 17:55:09.000000', 'vacant', '2023-10-30 17:55:09.000000', 121, NULL),
       (231, 'C504 - Bed 2', '2023-10-30 17:55:09.000000', 'vacant', '2023-10-30 17:55:09.000000', 120, NULL),
       (232, 'C404 - Bed 2', '2023-10-30 17:55:09.000000', 'vacant', '2023-10-30 17:55:09.000000', 119, NULL),
       (233, 'C304 - Bed 2', '2023-10-30 17:55:09.000000', 'vacant', '2023-10-30 17:55:09.000000', 118, NULL),
       (234, 'C204 - Bed 2', '2023-10-30 17:55:09.000000', 'vacant', '2023-10-30 17:55:09.000000', 117, NULL),
       (235, 'C104 - Bed 2', '2023-10-30 17:55:09.000000', 'vacant', '2023-10-30 17:55:09.000000', 116, NULL),
       (236, 'B504 - Bed 2', '2023-10-30 17:55:09.000000', 'vacant', '2023-10-30 17:55:09.000000', 115, NULL),
       (237, 'B404 - Bed 2', '2023-10-30 17:55:09.000000', 'vacant', '2023-10-30 17:55:09.000000', 114, NULL),
       (238, 'B304 - Bed 2', '2023-10-30 17:55:09.000000', 'vacant', '2023-10-30 17:55:09.000000', 113, NULL),
       (239, 'B204 - Bed 2', '2023-10-30 17:55:09.000000', 'vacant', '2023-10-30 17:55:09.000000', 112, NULL),
       (240, 'B104 - Bed 2', '2023-10-30 17:55:09.000000', 'vacant', '2023-10-30 17:55:09.000000', 111, NULL),
       (241, 'A504 - Bed 2', '2023-10-30 17:55:09.000000', 'vacant', '2023-10-30 17:55:09.000000', 110, NULL),
       (242, 'A404 - Bed 2', '2023-10-30 17:55:09.000000', 'vacant', '2023-10-30 17:55:09.000000', 109, NULL),
       (243, 'A304 - Bed 2', '2023-10-30 17:55:09.000000', 'vacant', '2023-10-30 17:55:09.000000', 108, NULL),
       (244, 'A204 - Bed 2', '2023-10-30 17:55:09.000000', 'vacant', '2023-10-30 17:55:09.000000', 107, NULL),
       (245, 'A104 - Bed 2', '2023-10-30 17:55:09.000000', 'vacant', '2023-10-30 17:55:09.000000', 106, NULL),
       (246, 'G503 - Bed 2', '2023-10-30 17:55:09.000000', 'vacant', '2023-10-30 17:55:09.000000', 105, NULL),
       (247, 'G403 - Bed 2', '2023-10-30 17:55:09.000000', 'vacant', '2023-10-30 17:55:09.000000', 104, NULL),
       (248, 'G303 - Bed 2', '2023-10-30 17:55:09.000000', 'vacant', '2023-10-30 17:55:09.000000', 103, NULL),
       (249, 'G203 - Bed 2', '2023-10-30 17:55:09.000000', 'vacant', '2023-10-30 17:55:09.000000', 102, NULL),
       (250, 'G103 - Bed 2', '2023-10-30 17:55:09.000000', 'vacant', '2023-10-30 17:55:09.000000', 101, NULL),
       (251, 'F503 - Bed 2', '2023-10-30 17:55:09.000000', 'vacant', '2023-10-30 17:55:09.000000', 100, NULL),
       (252, 'F403 - Bed 2', '2023-10-30 17:55:09.000000', 'vacant', '2023-10-30 17:55:09.000000', 99, NULL),
       (253, 'F303 - Bed 2', '2023-10-30 17:55:09.000000', 'vacant', '2023-10-30 17:55:09.000000', 98, NULL),
       (254, 'F203 - Bed 2', '2023-10-30 17:55:09.000000', 'vacant', '2023-10-30 17:55:09.000000', 97, NULL),
       (255, 'F103 - Bed 2', '2023-10-30 17:55:09.000000', 'vacant', '2023-10-30 17:55:09.000000', 96, NULL),
       (256, 'E503 - Bed 2', '2023-10-30 17:55:09.000000', 'vacant', '2023-10-30 17:55:09.000000', 95, NULL),
       (257, 'E403 - Bed 2', '2023-10-30 17:55:09.000000', 'vacant', '2023-10-30 17:55:09.000000', 94, NULL),
       (258, 'E303 - Bed 2', '2023-10-30 17:55:09.000000', 'vacant', '2023-10-30 17:55:09.000000', 93, NULL),
       (259, 'E203 - Bed 2', '2023-10-30 17:55:09.000000', 'vacant', '2023-10-30 17:55:09.000000', 92, NULL),
       (260, 'E103 - Bed 2', '2023-10-30 17:55:09.000000', 'vacant', '2023-10-30 17:55:09.000000', 91, NULL),
       (261, 'D503 - Bed 2', '2023-10-30 17:55:09.000000', 'vacant', '2023-10-30 17:55:09.000000', 90, NULL),
       (262, 'D403 - Bed 2', '2023-10-30 17:55:09.000000', 'vacant', '2023-10-30 17:55:09.000000', 89, NULL),
       (263, 'D303 - Bed 2', '2023-10-30 17:55:09.000000', 'vacant', '2023-10-30 17:55:09.000000', 88, NULL),
       (264, 'D203 - Bed 2', '2023-10-30 17:55:09.000000', 'vacant', '2023-10-30 17:55:09.000000', 87, NULL),
       (265, 'D103 - Bed 2', '2023-10-30 17:55:09.000000', 'vacant', '2023-10-30 17:55:09.000000', 86, NULL),
       (266, 'C503 - Bed 2', '2023-10-30 17:55:09.000000', 'vacant', '2023-10-30 17:55:09.000000', 85, NULL),
       (267, 'C403 - Bed 2', '2023-10-30 17:55:09.000000', 'vacant', '2023-10-30 17:55:09.000000', 84, NULL),
       (268, 'C303 - Bed 2', '2023-10-30 17:55:09.000000', 'vacant', '2023-10-30 17:55:09.000000', 83, NULL),
       (269, 'C203 - Bed 2', '2023-10-30 17:55:09.000000', 'vacant', '2023-10-30 17:55:09.000000', 82, NULL),
       (270, 'C103 - Bed 2', '2023-10-30 17:55:09.000000', 'vacant', '2023-10-30 17:55:09.000000', 81, NULL),
       (271, 'B503 - Bed 2', '2023-10-30 17:55:09.000000', 'vacant', '2023-10-30 17:55:09.000000', 80, NULL),
       (272, 'B403 - Bed 2', '2023-10-30 17:55:09.000000', 'vacant', '2023-10-30 17:55:09.000000', 79, NULL),
       (273, 'B303 - Bed 2', '2023-10-30 17:55:09.000000', 'vacant', '2023-10-30 17:55:09.000000', 78, NULL),
       (274, 'B203 - Bed 2', '2023-10-30 17:55:09.000000', 'vacant', '2023-10-30 17:55:09.000000', 77, NULL),
       (275, 'B103 - Bed 2', '2023-10-30 17:55:09.000000', 'vacant', '2023-10-30 17:55:09.000000', 76, NULL),
       (276, 'A503 - Bed 2', '2023-10-30 17:55:09.000000', 'vacant', '2023-10-30 17:55:09.000000', 75, NULL),
       (277, 'A403 - Bed 2', '2023-10-30 17:55:09.000000', 'vacant', '2023-10-30 17:55:09.000000', 74, NULL),
       (278, 'A303 - Bed 2', '2023-10-30 17:55:09.000000', 'vacant', '2023-10-30 17:55:09.000000', 73, NULL),
       (279, 'A203 - Bed 2', '2023-10-30 17:55:09.000000', 'vacant', '2023-10-30 17:55:09.000000', 72, NULL),
       (280, 'A103 - Bed 2', '2023-10-30 17:55:09.000000', 'vacant', '2023-10-30 17:55:09.000000', 71, NULL),
       (281, 'G502 - Bed 2', '2023-10-30 17:55:09.000000', 'vacant', '2023-10-30 17:55:09.000000', 70, NULL),
       (282, 'G402 - Bed 2', '2023-10-30 17:55:09.000000', 'vacant', '2023-10-30 17:55:09.000000', 69, NULL),
       (283, 'G302 - Bed 2', '2023-10-30 17:55:09.000000', 'vacant', '2023-10-30 17:55:09.000000', 68, NULL),
       (284, 'G202 - Bed 2', '2023-10-30 17:55:09.000000', 'vacant', '2023-10-30 17:55:09.000000', 67, NULL),
       (285, 'G102 - Bed 2', '2023-10-30 17:55:09.000000', 'vacant', '2023-10-30 17:55:09.000000', 66, NULL),
       (286, 'F502 - Bed 2', '2023-10-30 17:55:09.000000', 'vacant', '2023-10-30 17:55:09.000000', 65, NULL),
       (287, 'F402 - Bed 2', '2023-10-30 17:55:09.000000', 'vacant', '2023-10-30 17:55:09.000000', 64, NULL),
       (288, 'F302 - Bed 2', '2023-10-30 17:55:09.000000', 'vacant', '2023-10-30 17:55:09.000000', 63, NULL),
       (289, 'F202 - Bed 2', '2023-10-30 17:55:09.000000', 'vacant', '2023-10-30 17:55:09.000000', 62, NULL),
       (290, 'F102 - Bed 2', '2023-10-30 17:55:09.000000', 'vacant', '2023-10-30 17:55:09.000000', 61, NULL),
       (291, 'E502 - Bed 2', '2023-10-30 17:55:09.000000', 'vacant', '2023-10-30 17:55:09.000000', 60, NULL),
       (292, 'E402 - Bed 2', '2023-10-30 17:55:09.000000', 'vacant', '2023-10-30 17:55:09.000000', 59, NULL),
       (293, 'E302 - Bed 2', '2023-10-30 17:55:09.000000', 'vacant', '2023-10-30 17:55:09.000000', 58, NULL),
       (294, 'E202 - Bed 2', '2023-10-30 17:55:09.000000', 'vacant', '2023-10-30 17:55:09.000000', 57, NULL),
       (295, 'E102 - Bed 2', '2023-10-30 17:55:09.000000', 'vacant', '2023-10-30 17:55:09.000000', 56, NULL),
       (296, 'D502 - Bed 2', '2023-10-30 17:55:09.000000', 'vacant', '2023-10-30 17:55:09.000000', 55, NULL),
       (297, 'D402 - Bed 2', '2023-10-30 17:55:09.000000', 'vacant', '2023-10-30 17:55:09.000000', 54, NULL),
       (298, 'D302 - Bed 2', '2023-10-30 17:55:09.000000', 'vacant', '2023-10-30 17:55:09.000000', 53, NULL),
       (299, 'D202 - Bed 2', '2023-10-30 17:55:09.000000', 'vacant', '2023-10-30 17:55:09.000000', 52, NULL),
       (300, 'D102 - Bed 2', '2023-10-30 17:55:09.000000', 'vacant', '2023-10-30 17:55:09.000000', 51, NULL),
       (301, 'C502 - Bed 2', '2023-10-30 17:55:09.000000', 'vacant', '2023-10-30 17:55:09.000000', 50, NULL),
       (302, 'C402 - Bed 2', '2023-10-30 17:55:09.000000', 'vacant', '2023-10-30 17:55:09.000000', 49, NULL),
       (303, 'C302 - Bed 2', '2023-10-30 17:55:09.000000', 'vacant', '2023-10-30 17:55:09.000000', 48, NULL),
       (304, 'C202 - Bed 2', '2023-10-30 17:55:09.000000', 'vacant', '2023-10-30 17:55:09.000000', 47, NULL),
       (305, 'C102 - Bed 2', '2023-10-30 17:55:09.000000', 'vacant', '2023-10-30 17:55:09.000000', 46, NULL),
       (306, 'B502 - Bed 2', '2023-10-30 17:55:09.000000', 'vacant', '2023-10-30 17:55:09.000000', 45, NULL),
       (307, 'B402 - Bed 2', '2023-10-30 17:55:09.000000', 'vacant', '2023-10-30 17:55:09.000000', 44, NULL),
       (308, 'B302 - Bed 2', '2023-10-30 17:55:09.000000', 'vacant', '2023-10-30 17:55:09.000000', 43, NULL),
       (309, 'B202 - Bed 2', '2023-10-30 17:55:09.000000', 'vacant', '2023-10-30 17:55:09.000000', 42, NULL),
       (310, 'B102 - Bed 2', '2023-10-30 17:55:09.000000', 'vacant', '2023-10-30 17:55:09.000000', 41, NULL),
       (311, 'A502 - Bed 2', '2023-10-30 17:55:09.000000', 'vacant', '2023-10-30 17:55:09.000000', 40, NULL),
       (312, 'A402 - Bed 2', '2023-10-30 17:55:09.000000', 'vacant', '2023-10-30 17:55:09.000000', 39, NULL),
       (313, 'A302 - Bed 2', '2023-10-30 17:55:09.000000', 'vacant', '2023-10-30 17:55:09.000000', 38, NULL),
       (314, 'A202 - Bed 2', '2023-10-30 17:55:09.000000', 'vacant', '2023-10-30 17:55:09.000000', 37, NULL),
       (315, 'A102 - Bed 2', '2023-10-30 17:55:09.000000', 'vacant', '2023-10-30 17:55:09.000000', 36, NULL),
       (316, 'G501 - Bed 2', '2023-10-30 17:55:09.000000', 'vacant', '2023-10-30 17:55:09.000000', 35, NULL),
       (317, 'G401 - Bed 2', '2023-10-30 17:55:09.000000', 'vacant', '2023-10-30 17:55:09.000000', 34, NULL),
       (318, 'G301 - Bed 2', '2023-10-30 17:55:09.000000', 'vacant', '2023-10-30 17:55:09.000000', 33, NULL),
       (319, 'G201 - Bed 2', '2023-10-30 17:55:09.000000', 'vacant', '2023-10-30 17:55:09.000000', 32, NULL),
       (320, 'G101 - Bed 2', '2023-10-30 17:55:09.000000', 'vacant', '2023-10-30 17:55:09.000000', 31, NULL),
       (321, 'F501 - Bed 2', '2023-10-30 17:55:09.000000', 'vacant', '2023-10-30 17:55:09.000000', 30, NULL),
       (322, 'F401 - Bed 2', '2023-10-30 17:55:09.000000', 'vacant', '2023-10-30 17:55:09.000000', 29, NULL),
       (323, 'F301 - Bed 2', '2023-10-30 17:55:09.000000', 'vacant', '2023-10-30 17:55:09.000000', 28, NULL),
       (324, 'F201 - Bed 2', '2023-10-30 17:55:09.000000', 'vacant', '2023-10-30 17:55:09.000000', 27, NULL),
       (325, 'F101 - Bed 2', '2023-10-30 17:55:09.000000', 'vacant', '2023-10-30 17:55:09.000000', 26, NULL),
       (326, 'E501 - Bed 2', '2023-10-30 17:55:09.000000', 'vacant', '2023-10-30 17:55:09.000000', 25, NULL),
       (327, 'E401 - Bed 2', '2023-10-30 17:55:09.000000', 'vacant', '2023-10-30 17:55:09.000000', 24, NULL),
       (328, 'E301 - Bed 2', '2023-10-30 17:55:09.000000', 'vacant', '2023-10-30 17:55:09.000000', 23, NULL),
       (329, 'E201 - Bed 2', '2023-10-30 17:55:09.000000', 'vacant', '2023-10-30 17:55:09.000000', 22, NULL),
       (330, 'E101 - Bed 2', '2023-10-30 17:55:09.000000', 'vacant', '2023-10-30 17:55:09.000000', 21, NULL),
       (331, 'D501 - Bed 2', '2023-10-30 17:55:09.000000', 'vacant', '2023-10-30 17:55:09.000000', 20, NULL),
       (332, 'D401 - Bed 2', '2023-10-30 17:55:09.000000', 'vacant', '2023-10-30 17:55:09.000000', 19, NULL),
       (333, 'D301 - Bed 2', '2023-10-30 17:55:09.000000', 'vacant', '2023-10-30 17:55:09.000000', 18, NULL),
       (334, 'D201 - Bed 2', '2023-10-30 17:55:09.000000', 'vacant', '2023-10-30 17:55:09.000000', 17, NULL),
       (335, 'D101 - Bed 2', '2023-10-30 17:55:09.000000', 'vacant', '2023-10-30 17:55:09.000000', 16, NULL),
       (336, 'C501 - Bed 2', '2023-10-30 17:55:09.000000', 'vacant', '2023-10-30 17:55:09.000000', 15, NULL),
       (337, 'C401 - Bed 2', '2023-10-30 17:55:09.000000', 'vacant', '2023-10-30 17:55:09.000000', 14, NULL),
       (338, 'C301 - Bed 2', '2023-10-30 17:55:09.000000', 'vacant', '2023-10-30 17:55:09.000000', 13, NULL),
       (339, 'C201 - Bed 2', '2023-10-30 17:55:09.000000', 'vacant', '2023-10-30 17:55:09.000000', 12, NULL),
       (340, 'C101 - Bed 2', '2023-10-30 17:55:09.000000', 'vacant', '2023-10-30 17:55:09.000000', 11, NULL),
       (341, 'B501 - Bed 2', '2023-10-30 17:55:09.000000', 'vacant', '2023-10-30 17:55:09.000000', 10, NULL),
       (342, 'B401 - Bed 2', '2023-10-30 17:55:09.000000', 'vacant', '2023-10-30 17:55:09.000000', 9, NULL),
       (343, 'B301 - Bed 2', '2023-10-30 17:55:09.000000', 'vacant', '2023-10-30 17:55:09.000000', 8, NULL),
       (344, 'B201 - Bed 2', '2023-10-30 17:55:09.000000', 'vacant', '2023-10-30 17:55:09.000000', 7, NULL),
       (345, 'B101 - Bed 2', '2023-10-30 17:55:09.000000', 'vacant', '2023-10-30 17:55:09.000000', 6, NULL),
       (346, 'A501 - Bed 2', '2023-10-30 17:55:09.000000', 'vacant', '2023-10-30 17:55:09.000000', 5, NULL),
       (347, 'A401 - Bed 2', '2023-10-30 17:55:09.000000', 'vacant', '2023-10-30 17:55:09.000000', 4, NULL),
       (348, 'A301 - Bed 2', '2023-10-30 17:55:09.000000', 'vacant', '2023-10-30 17:55:09.000000', 3, NULL),
       (349, 'A201 - Bed 2', '2023-10-30 17:55:09.000000', 'vacant', '2023-10-30 17:55:09.000000', 2, NULL),
       (350, 'A101 - Bed 2', '2023-10-30 17:55:09.000000', 'vacant', '2023-10-30 17:55:09.000000', 1, NULL),
       (351, 'G505 - Bed 3', '2023-10-30 17:55:09.000000', 'vacant', '2023-10-30 17:55:09.000000', 175, NULL),
       (352, 'G405 - Bed 3', '2023-10-30 17:55:09.000000', 'vacant', '2023-10-30 17:55:09.000000', 174, NULL),
       (353, 'G305 - Bed 3', '2023-10-30 17:55:09.000000', 'vacant', '2023-10-30 17:55:09.000000', 173, NULL),
       (354, 'G205 - Bed 3', '2023-10-30 17:55:09.000000', 'vacant', '2023-10-30 17:55:09.000000', 172, NULL),
       (355, 'G105 - Bed 3', '2023-10-30 17:55:09.000000', 'vacant', '2023-10-30 17:55:09.000000', 171, NULL),
       (356, 'F505 - Bed 3', '2023-10-30 17:55:09.000000', 'vacant', '2023-10-30 17:55:09.000000', 170, NULL),
       (357, 'F405 - Bed 3', '2023-10-30 17:55:09.000000', 'vacant', '2023-10-30 17:55:09.000000', 169, NULL),
       (358, 'F305 - Bed 3', '2023-10-30 17:55:09.000000', 'vacant', '2023-10-30 17:55:09.000000', 168, NULL),
       (359, 'F205 - Bed 3', '2023-10-30 17:55:09.000000', 'vacant', '2023-10-30 17:55:09.000000', 167, NULL),
       (360, 'F105 - Bed 3', '2023-10-30 17:55:09.000000', 'vacant', '2023-10-30 17:55:09.000000', 166, NULL),
       (361, 'E505 - Bed 3', '2023-10-30 17:55:09.000000', 'vacant', '2023-10-30 17:55:09.000000', 165, NULL),
       (362, 'E405 - Bed 3', '2023-10-30 17:55:09.000000', 'vacant', '2023-10-30 17:55:09.000000', 164, NULL),
       (363, 'E305 - Bed 3', '2023-10-30 17:55:09.000000', 'vacant', '2023-10-30 17:55:09.000000', 163, NULL),
       (364, 'E205 - Bed 3', '2023-10-30 17:55:09.000000', 'vacant', '2023-10-30 17:55:09.000000', 162, NULL),
       (365, 'E105 - Bed 3', '2023-10-30 17:55:09.000000', 'vacant', '2023-10-30 17:55:09.000000', 161, NULL),
       (366, 'D505 - Bed 3', '2023-10-30 17:55:09.000000', 'vacant', '2023-10-30 17:55:09.000000', 160, NULL),
       (367, 'D405 - Bed 3', '2023-10-30 17:55:09.000000', 'vacant', '2023-10-30 17:55:09.000000', 159, NULL),
       (368, 'D305 - Bed 3', '2023-10-30 17:55:09.000000', 'vacant', '2023-10-30 17:55:09.000000', 158, NULL),
       (369, 'D205 - Bed 3', '2023-10-30 17:55:09.000000', 'vacant', '2023-10-30 17:55:09.000000', 157, NULL),
       (370, 'D105 - Bed 3', '2023-10-30 17:55:09.000000', 'vacant', '2023-10-30 17:55:09.000000', 156, NULL),
       (371, 'C505 - Bed 3', '2023-10-30 17:55:09.000000', 'vacant', '2023-10-30 17:55:09.000000', 155, NULL),
       (372, 'C405 - Bed 3', '2023-10-30 17:55:09.000000', 'vacant', '2023-10-30 17:55:09.000000', 154, NULL),
       (373, 'C305 - Bed 3', '2023-10-30 17:55:09.000000', 'vacant', '2023-10-30 17:55:09.000000', 153, NULL),
       (374, 'C205 - Bed 3', '2023-10-30 17:55:09.000000', 'vacant', '2023-10-30 17:55:09.000000', 152, NULL),
       (375, 'C105 - Bed 3', '2023-10-30 17:55:09.000000', 'vacant', '2023-10-30 17:55:09.000000', 151, NULL),
       (376, 'B505 - Bed 3', '2023-10-30 17:55:09.000000', 'vacant', '2023-10-30 17:55:09.000000', 150, NULL),
       (377, 'B405 - Bed 3', '2023-10-30 17:55:09.000000', 'vacant', '2023-10-30 17:55:09.000000', 149, NULL),
       (378, 'B305 - Bed 3', '2023-10-30 17:55:09.000000', 'vacant', '2023-10-30 17:55:09.000000', 148, NULL),
       (379, 'B205 - Bed 3', '2023-10-30 17:55:09.000000', 'vacant', '2023-10-30 17:55:09.000000', 147, NULL),
       (380, 'B105 - Bed 3', '2023-10-30 17:55:09.000000', 'vacant', '2023-10-30 17:55:09.000000', 146, NULL),
       (381, 'A505 - Bed 3', '2023-10-30 17:55:09.000000', 'vacant', '2023-10-30 17:55:09.000000', 145, NULL),
       (382, 'A405 - Bed 3', '2023-10-30 17:55:09.000000', 'vacant', '2023-10-30 17:55:09.000000', 144, NULL),
       (383, 'A305 - Bed 3', '2023-10-30 17:55:09.000000', 'vacant', '2023-10-30 17:55:09.000000', 143, NULL),
       (384, 'A205 - Bed 3', '2023-10-30 17:55:09.000000', 'vacant', '2023-10-30 17:55:09.000000', 142, NULL),
       (385, 'A105 - Bed 3', '2023-10-30 17:55:09.000000', 'vacant', '2023-10-30 17:55:09.000000', 141, NULL),
       (386, 'G504 - Bed 3', '2023-10-30 17:55:09.000000', 'vacant', '2023-10-30 17:55:09.000000', 140, NULL),
       (387, 'G404 - Bed 3', '2023-10-30 17:55:09.000000', 'vacant', '2023-10-30 17:55:09.000000', 139, NULL),
       (388, 'G304 - Bed 3', '2023-10-30 17:55:09.000000', 'vacant', '2023-10-30 17:55:09.000000', 138, NULL),
       (389, 'G204 - Bed 3', '2023-10-30 17:55:09.000000', 'vacant', '2023-10-30 17:55:09.000000', 137, NULL),
       (390, 'G104 - Bed 3', '2023-10-30 17:55:09.000000', 'vacant', '2023-10-30 17:55:09.000000', 136, NULL),
       (391, 'F504 - Bed 3', '2023-10-30 17:55:09.000000', 'vacant', '2023-10-30 17:55:09.000000', 135, NULL),
       (392, 'F404 - Bed 3', '2023-10-30 17:55:09.000000', 'vacant', '2023-10-30 17:55:09.000000', 134, NULL),
       (393, 'F304 - Bed 3', '2023-10-30 17:55:09.000000', 'vacant', '2023-10-30 17:55:09.000000', 133, NULL),
       (394, 'F204 - Bed 3', '2023-10-30 17:55:09.000000', 'vacant', '2023-10-30 17:55:09.000000', 132, NULL),
       (395, 'F104 - Bed 3', '2023-10-30 17:55:09.000000', 'vacant', '2023-10-30 17:55:09.000000', 131, NULL),
       (396, 'E504 - Bed 3', '2023-10-30 17:55:09.000000', 'vacant', '2023-10-30 17:55:09.000000', 130, NULL),
       (397, 'E404 - Bed 3', '2023-10-30 17:55:09.000000', 'vacant', '2023-10-30 17:55:09.000000', 129, NULL),
       (398, 'E304 - Bed 3', '2023-10-30 17:55:09.000000', 'vacant', '2023-10-30 17:55:09.000000', 128, NULL),
       (399, 'E204 - Bed 3', '2023-10-30 17:55:09.000000', 'vacant', '2023-10-30 17:55:09.000000', 127, NULL),
       (400, 'E104 - Bed 3', '2023-10-30 17:55:09.000000', 'vacant', '2023-10-30 17:55:09.000000', 126, NULL),
       (401, 'D504 - Bed 3', '2023-10-30 17:55:09.000000', 'vacant', '2023-10-30 17:55:09.000000', 125, NULL),
       (402, 'D404 - Bed 3', '2023-10-30 17:55:09.000000', 'vacant', '2023-10-30 17:55:09.000000', 124, NULL),
       (403, 'D304 - Bed 3', '2023-10-30 17:55:09.000000', 'vacant', '2023-10-30 17:55:09.000000', 123, NULL),
       (404, 'D204 - Bed 3', '2023-10-30 17:55:09.000000', 'vacant', '2023-10-30 17:55:09.000000', 122, NULL),
       (405, 'D104 - Bed 3', '2023-10-30 17:55:09.000000', 'vacant', '2023-10-30 17:55:09.000000', 121, NULL),
       (406, 'C504 - Bed 3', '2023-10-30 17:55:09.000000', 'vacant', '2023-10-30 17:55:09.000000', 120, NULL),
       (407, 'C404 - Bed 3', '2023-10-30 17:55:09.000000', 'vacant', '2023-10-30 17:55:09.000000', 119, NULL),
       (408, 'C304 - Bed 3', '2023-10-30 17:55:09.000000', 'vacant', '2023-10-30 17:55:09.000000', 118, NULL),
       (409, 'C204 - Bed 3', '2023-10-30 17:55:09.000000', 'vacant', '2023-10-30 17:55:09.000000', 117, NULL),
       (410, 'C104 - Bed 3', '2023-10-30 17:55:09.000000', 'vacant', '2023-10-30 17:55:09.000000', 116, NULL),
       (411, 'B504 - Bed 3', '2023-10-30 17:55:09.000000', 'vacant', '2023-10-30 17:55:09.000000', 115, NULL),
       (412, 'B404 - Bed 3', '2023-10-30 17:55:09.000000', 'vacant', '2023-10-30 17:55:09.000000', 114, NULL),
       (413, 'B304 - Bed 3', '2023-10-30 17:55:09.000000', 'vacant', '2023-10-30 17:55:09.000000', 113, NULL),
       (414, 'B204 - Bed 3', '2023-10-30 17:55:09.000000', 'vacant', '2023-10-30 17:55:09.000000', 112, NULL),
       (415, 'B104 - Bed 3', '2023-10-30 17:55:09.000000', 'vacant', '2023-10-30 17:55:09.000000', 111, NULL),
       (416, 'A504 - Bed 3', '2023-10-30 17:55:09.000000', 'vacant', '2023-10-30 17:55:09.000000', 110, NULL),
       (417, 'A404 - Bed 3', '2023-10-30 17:55:09.000000', 'vacant', '2023-10-30 17:55:09.000000', 109, NULL),
       (418, 'A304 - Bed 3', '2023-10-30 17:55:09.000000', 'vacant', '2023-10-30 17:55:09.000000', 108, NULL),
       (419, 'A204 - Bed 3', '2023-10-30 17:55:09.000000', 'vacant', '2023-10-30 17:55:09.000000', 107, NULL),
       (420, 'A104 - Bed 3', '2023-10-30 17:55:09.000000', 'vacant', '2023-10-30 17:55:09.000000', 106, NULL),
       (421, 'G503 - Bed 3', '2023-10-30 17:55:09.000000', 'vacant', '2023-10-30 17:55:09.000000', 105, NULL),
       (422, 'G403 - Bed 3', '2023-10-30 17:55:09.000000', 'vacant', '2023-10-30 17:55:09.000000', 104, NULL),
       (423, 'G303 - Bed 3', '2023-10-30 17:55:09.000000', 'vacant', '2023-10-30 17:55:09.000000', 103, NULL),
       (424, 'G203 - Bed 3', '2023-10-30 17:55:09.000000', 'vacant', '2023-10-30 17:55:09.000000', 102, NULL),
       (425, 'G103 - Bed 3', '2023-10-30 17:55:09.000000', 'vacant', '2023-10-30 17:55:09.000000', 101, NULL),
       (426, 'F503 - Bed 3', '2023-10-30 17:55:09.000000', 'vacant', '2023-10-30 17:55:09.000000', 100, NULL),
       (427, 'F403 - Bed 3', '2023-10-30 17:55:09.000000', 'vacant', '2023-10-30 17:55:09.000000', 99, NULL),
       (428, 'F303 - Bed 3', '2023-10-30 17:55:09.000000', 'vacant', '2023-10-30 17:55:09.000000', 98, NULL),
       (429, 'F203 - Bed 3', '2023-10-30 17:55:09.000000', 'vacant', '2023-10-30 17:55:09.000000', 97, NULL),
       (430, 'F103 - Bed 3', '2023-10-30 17:55:09.000000', 'vacant', '2023-10-30 17:55:09.000000', 96, NULL),
       (431, 'E503 - Bed 3', '2023-10-30 17:55:09.000000', 'vacant', '2023-10-30 17:55:09.000000', 95, NULL),
       (432, 'E403 - Bed 3', '2023-10-30 17:55:09.000000', 'vacant', '2023-10-30 17:55:09.000000', 94, NULL),
       (433, 'E303 - Bed 3', '2023-10-30 17:55:09.000000', 'vacant', '2023-10-30 17:55:09.000000', 93, NULL),
       (434, 'E203 - Bed 3', '2023-10-30 17:55:09.000000', 'vacant', '2023-10-30 17:55:09.000000', 92, NULL),
       (435, 'E103 - Bed 3', '2023-10-30 17:55:09.000000', 'vacant', '2023-10-30 17:55:09.000000', 91, NULL),
       (436, 'D503 - Bed 3', '2023-10-30 17:55:09.000000', 'vacant', '2023-10-30 17:55:09.000000', 90, NULL),
       (437, 'D403 - Bed 3', '2023-10-30 17:55:09.000000', 'vacant', '2023-10-30 17:55:09.000000', 89, NULL),
       (438, 'D303 - Bed 3', '2023-10-30 17:55:09.000000', 'vacant', '2023-10-30 17:55:09.000000', 88, NULL),
       (439, 'D203 - Bed 3', '2023-10-30 17:55:09.000000', 'vacant', '2023-10-30 17:55:09.000000', 87, NULL),
       (440, 'D103 - Bed 3', '2023-10-30 17:55:09.000000', 'vacant', '2023-10-30 17:55:09.000000', 86, NULL),
       (441, 'C503 - Bed 3', '2023-10-30 17:55:09.000000', 'vacant', '2023-10-30 17:55:09.000000', 85, NULL),
       (442, 'C403 - Bed 3', '2023-10-30 17:55:09.000000', 'vacant', '2023-10-30 17:55:09.000000', 84, NULL),
       (443, 'C303 - Bed 3', '2023-10-30 17:55:09.000000', 'vacant', '2023-10-30 17:55:09.000000', 83, NULL),
       (444, 'C203 - Bed 3', '2023-10-30 17:55:09.000000', 'vacant', '2023-10-30 17:55:09.000000', 82, NULL),
       (445, 'C103 - Bed 3', '2023-10-30 17:55:09.000000', 'vacant', '2023-10-30 17:55:09.000000', 81, NULL),
       (446, 'B503 - Bed 3', '2023-10-30 17:55:09.000000', 'vacant', '2023-10-30 17:55:09.000000', 80, NULL),
       (447, 'B403 - Bed 3', '2023-10-30 17:55:09.000000', 'vacant', '2023-10-30 17:55:09.000000', 79, NULL),
       (448, 'B303 - Bed 3', '2023-10-30 17:55:09.000000', 'vacant', '2023-10-30 17:55:09.000000', 78, NULL),
       (449, 'B203 - Bed 3', '2023-10-30 17:55:09.000000', 'vacant', '2023-10-30 17:55:09.000000', 77, NULL),
       (450, 'B103 - Bed 3', '2023-10-30 17:55:09.000000', 'vacant', '2023-10-30 17:55:09.000000', 76, NULL),
       (451, 'A503 - Bed 3', '2023-10-30 17:55:09.000000', 'vacant', '2023-10-30 17:55:09.000000', 75, NULL),
       (452, 'A403 - Bed 3', '2023-10-30 17:55:09.000000', 'vacant', '2023-10-30 17:55:09.000000', 74, NULL),
       (453, 'A303 - Bed 3', '2023-10-30 17:55:09.000000', 'vacant', '2023-10-30 17:55:09.000000', 73, NULL),
       (454, 'A203 - Bed 3', '2023-10-30 17:55:09.000000', 'vacant', '2023-10-30 17:55:09.000000', 72, NULL),
       (455, 'A103 - Bed 3', '2023-10-30 17:55:09.000000', 'vacant', '2023-10-30 17:55:09.000000', 71, NULL),
       (456, 'G502 - Bed 3', '2023-10-30 17:55:09.000000', 'vacant', '2023-10-30 17:55:09.000000', 70, NULL),
       (457, 'G402 - Bed 3', '2023-10-30 17:55:09.000000', 'vacant', '2023-10-30 17:55:09.000000', 69, NULL),
       (458, 'G302 - Bed 3', '2023-10-30 17:55:09.000000', 'vacant', '2023-10-30 17:55:09.000000', 68, NULL),
       (459, 'G202 - Bed 3', '2023-10-30 17:55:09.000000', 'vacant', '2023-10-30 17:55:09.000000', 67, NULL),
       (460, 'G102 - Bed 3', '2023-10-30 17:55:09.000000', 'vacant', '2023-10-30 17:55:09.000000', 66, NULL),
       (461, 'F502 - Bed 3', '2023-10-30 17:55:09.000000', 'vacant', '2023-10-30 17:55:09.000000', 65, NULL),
       (462, 'F402 - Bed 3', '2023-10-30 17:55:09.000000', 'vacant', '2023-10-30 17:55:09.000000', 64, NULL),
       (463, 'F302 - Bed 3', '2023-10-30 17:55:09.000000', 'vacant', '2023-10-30 17:55:09.000000', 63, NULL),
       (464, 'F202 - Bed 3', '2023-10-30 17:55:09.000000', 'vacant', '2023-10-30 17:55:09.000000', 62, NULL),
       (465, 'F102 - Bed 3', '2023-10-30 17:55:09.000000', 'vacant', '2023-10-30 17:55:09.000000', 61, NULL),
       (466, 'E502 - Bed 3', '2023-10-30 17:55:09.000000', 'vacant', '2023-10-30 17:55:09.000000', 60, NULL),
       (467, 'E402 - Bed 3', '2023-10-30 17:55:09.000000', 'vacant', '2023-10-30 17:55:09.000000', 59, NULL),
       (468, 'E302 - Bed 3', '2023-10-30 17:55:09.000000', 'vacant', '2023-10-30 17:55:09.000000', 58, NULL),
       (469, 'E202 - Bed 3', '2023-10-30 17:55:09.000000', 'vacant', '2023-10-30 17:55:09.000000', 57, NULL),
       (470, 'E102 - Bed 3', '2023-10-30 17:55:09.000000', 'vacant', '2023-10-30 17:55:09.000000', 56, NULL),
       (471, 'D502 - Bed 3', '2023-10-30 17:55:09.000000', 'vacant', '2023-10-30 17:55:09.000000', 55, NULL),
       (472, 'D402 - Bed 3', '2023-10-30 17:55:09.000000', 'vacant', '2023-10-30 17:55:09.000000', 54, NULL),
       (473, 'D302 - Bed 3', '2023-10-30 17:55:09.000000', 'vacant', '2023-10-30 17:55:09.000000', 53, NULL),
       (474, 'D202 - Bed 3', '2023-10-30 17:55:09.000000', 'vacant', '2023-10-30 17:55:09.000000', 52, NULL),
       (475, 'D102 - Bed 3', '2023-10-30 17:55:09.000000', 'vacant', '2023-10-30 17:55:09.000000', 51, NULL),
       (476, 'C502 - Bed 3', '2023-10-30 17:55:09.000000', 'vacant', '2023-10-30 17:55:09.000000', 50, NULL),
       (477, 'C402 - Bed 3', '2023-10-30 17:55:09.000000', 'vacant', '2023-10-30 17:55:09.000000', 49, NULL),
       (478, 'C302 - Bed 3', '2023-10-30 17:55:09.000000', 'vacant', '2023-10-30 17:55:09.000000', 48, NULL),
       (479, 'C202 - Bed 3', '2023-10-30 17:55:09.000000', 'vacant', '2023-10-30 17:55:09.000000', 47, NULL),
       (480, 'C102 - Bed 3', '2023-10-30 17:55:09.000000', 'vacant', '2023-10-30 17:55:09.000000', 46, NULL),
       (481, 'B502 - Bed 3', '2023-10-30 17:55:09.000000', 'vacant', '2023-10-30 17:55:09.000000', 45, NULL),
       (482, 'B402 - Bed 3', '2023-10-30 17:55:09.000000', 'vacant', '2023-10-30 17:55:09.000000', 44, NULL),
       (483, 'B302 - Bed 3', '2023-10-30 17:55:09.000000', 'vacant', '2023-10-30 17:55:09.000000', 43, NULL),
       (484, 'B202 - Bed 3', '2023-10-30 17:55:09.000000', 'vacant', '2023-10-30 17:55:09.000000', 42, NULL),
       (485, 'B102 - Bed 3', '2023-10-30 17:55:09.000000', 'vacant', '2023-10-30 17:55:09.000000', 41, NULL),
       (486, 'A502 - Bed 3', '2023-10-30 17:55:09.000000', 'vacant', '2023-10-30 17:55:09.000000', 40, NULL),
       (487, 'A402 - Bed 3', '2023-10-30 17:55:09.000000', 'vacant', '2023-10-30 17:55:09.000000', 39, NULL),
       (488, 'A302 - Bed 3', '2023-10-30 17:55:09.000000', 'vacant', '2023-10-30 17:55:09.000000', 38, NULL),
       (489, 'A202 - Bed 3', '2023-10-30 17:55:09.000000', 'vacant', '2023-10-30 17:55:09.000000', 37, NULL),
       (490, 'A102 - Bed 3', '2023-10-30 17:55:09.000000', 'vacant', '2023-10-30 17:55:09.000000', 36, NULL),
       (491, 'G501 - Bed 3', '2023-10-30 17:55:09.000000', 'vacant', '2023-10-30 17:55:09.000000', 35, NULL),
       (492, 'G401 - Bed 3', '2023-10-30 17:55:09.000000', 'vacant', '2023-10-30 17:55:09.000000', 34, NULL),
       (493, 'G301 - Bed 3', '2023-10-30 17:55:09.000000', 'vacant', '2023-10-30 17:55:09.000000', 33, NULL),
       (494, 'G201 - Bed 3', '2023-10-30 17:55:09.000000', 'vacant', '2023-10-30 17:55:09.000000', 32, NULL),
       (495, 'G101 - Bed 3', '2023-10-30 17:55:09.000000', 'vacant', '2023-10-30 17:55:09.000000', 31, NULL),
       (496, 'F501 - Bed 3', '2023-10-30 17:55:09.000000', 'vacant', '2023-10-30 17:55:09.000000', 30, NULL),
       (497, 'F401 - Bed 3', '2023-10-30 17:55:09.000000', 'vacant', '2023-10-30 17:55:09.000000', 29, NULL),
       (498, 'F301 - Bed 3', '2023-10-30 17:55:09.000000', 'vacant', '2023-10-30 17:55:09.000000', 28, NULL),
       (499, 'F201 - Bed 3', '2023-10-30 17:55:09.000000', 'vacant', '2023-10-30 17:55:09.000000', 27, NULL),
       (500, 'F101 - Bed 3', '2023-10-30 17:55:09.000000', 'vacant', '2023-10-30 17:55:09.000000', 26, NULL),
       (501, 'E501 - Bed 3', '2023-10-30 17:55:09.000000', 'vacant', '2023-10-30 17:55:09.000000', 25, NULL),
       (502, 'E401 - Bed 3', '2023-10-30 17:55:09.000000', 'vacant', '2023-10-30 17:55:09.000000', 24, NULL),
       (503, 'E301 - Bed 3', '2023-10-30 17:55:09.000000', 'vacant', '2023-10-30 17:55:09.000000', 23, NULL),
       (504, 'E201 - Bed 3', '2023-10-30 17:55:09.000000', 'vacant', '2023-10-30 17:55:09.000000', 22, NULL),
       (505, 'E101 - Bed 3', '2023-10-30 17:55:09.000000', 'vacant', '2023-10-30 17:55:09.000000', 21, NULL),
       (506, 'D501 - Bed 3', '2023-10-30 17:55:09.000000', 'vacant', '2023-10-30 17:55:09.000000', 20, NULL),
       (507, 'D401 - Bed 3', '2023-10-30 17:55:09.000000', 'vacant', '2023-10-30 17:55:09.000000', 19, NULL),
       (508, 'D301 - Bed 3', '2023-10-30 17:55:09.000000', 'vacant', '2023-10-30 17:55:09.000000', 18, NULL),
       (509, 'D201 - Bed 3', '2023-10-30 17:55:09.000000', 'vacant', '2023-10-30 17:55:09.000000', 17, NULL),
       (510, 'D101 - Bed 3', '2023-10-30 17:55:09.000000', 'vacant', '2023-10-30 17:55:09.000000', 16, NULL),
       (511, 'C501 - Bed 3', '2023-10-30 17:55:09.000000', 'vacant', '2023-10-30 17:55:09.000000', 15, NULL),
       (512, 'C401 - Bed 3', '2023-10-30 17:55:09.000000', 'vacant', '2023-10-30 17:55:09.000000', 14, NULL),
       (513, 'C301 - Bed 3', '2023-10-30 17:55:09.000000', 'vacant', '2023-10-30 17:55:09.000000', 13, NULL),
       (514, 'C201 - Bed 3', '2023-10-30 17:55:09.000000', 'vacant', '2023-10-30 17:55:09.000000', 12, NULL),
       (515, 'C101 - Bed 3', '2023-10-30 17:55:09.000000', 'vacant', '2023-10-30 17:55:09.000000', 11, NULL),
       (516, 'B501 - Bed 3', '2023-10-30 17:55:09.000000', 'vacant', '2023-10-30 17:55:09.000000', 10, NULL),
       (517, 'B401 - Bed 3', '2023-10-30 17:55:09.000000', 'vacant', '2023-10-30 17:55:09.000000', 9, NULL),
       (518, 'B301 - Bed 3', '2023-10-30 17:55:09.000000', 'vacant', '2023-10-30 17:55:09.000000', 8, NULL),
       (519, 'B201 - Bed 3', '2023-10-30 17:55:09.000000', 'vacant', '2023-10-30 17:55:09.000000', 7, NULL),
       (520, 'B101 - Bed 3', '2023-10-30 17:55:09.000000', 'vacant', '2023-10-30 17:55:09.000000', 6, NULL),
       (521, 'A501 - Bed 3', '2023-10-30 17:55:09.000000', 'vacant', '2023-10-30 17:55:09.000000', 5, NULL),
       (522, 'A401 - Bed 3', '2023-10-30 17:55:09.000000', 'vacant', '2023-10-30 17:55:09.000000', 4, NULL),
       (523, 'A301 - Bed 3', '2023-10-30 17:55:09.000000', 'vacant', '2023-10-30 17:55:09.000000', 3, NULL),
       (524, 'A201 - Bed 3', '2023-10-30 17:55:09.000000', 'vacant', '2023-10-30 17:55:09.000000', 2, NULL),
       (525, 'A101 - Bed 3', '2023-10-30 17:55:09.000000', 'vacant', '2023-10-30 17:55:09.000000', 1, NULL),
       (526, 'G505 - Bed 4', '2023-10-30 17:55:09.000000', 'vacant', '2023-10-30 17:55:09.000000', 175, NULL),
       (527, 'G205 - Bed 4', '2023-10-30 17:55:09.000000', 'vacant', '2023-10-30 17:55:09.000000', 172, NULL),
       (528, 'G105 - Bed 4', '2023-10-30 17:55:09.000000', 'vacant', '2023-10-30 17:55:09.000000', 171, NULL),
       (529, 'F505 - Bed 4', '2023-10-30 17:55:09.000000', 'vacant', '2023-10-30 17:55:09.000000', 170, NULL),
       (530, 'F105 - Bed 4', '2023-10-30 17:55:09.000000', 'vacant', '2023-10-30 17:55:09.000000', 166, NULL),
       (531, 'E505 - Bed 4', '2023-10-30 17:55:09.000000', 'vacant', '2023-10-30 17:55:09.000000', 165, NULL),
       (532, 'E405 - Bed 4', '2023-10-30 17:55:09.000000', 'vacant', '2023-10-30 17:55:09.000000', 164, NULL),
       (533, 'E305 - Bed 4', '2023-10-30 17:55:09.000000', 'vacant', '2023-10-30 17:55:09.000000', 163, NULL),
       (534, 'E205 - Bed 4', '2023-10-30 17:55:09.000000', 'vacant', '2023-10-30 17:55:09.000000', 162, NULL),
       (535, 'E105 - Bed 4', '2023-10-30 17:55:09.000000', 'vacant', '2023-10-30 17:55:09.000000', 161, NULL),
       (536, 'D405 - Bed 4', '2023-10-30 17:55:09.000000', 'vacant', '2023-10-30 17:55:09.000000', 159, NULL),
       (537, 'D305 - Bed 4', '2023-10-30 17:55:09.000000', 'vacant', '2023-10-30 17:55:09.000000', 158, NULL),
       (538, 'D205 - Bed 4', '2023-10-30 17:55:09.000000', 'vacant', '2023-10-30 17:55:09.000000', 157, NULL),
       (539, 'D105 - Bed 4', '2023-10-30 17:55:09.000000', 'vacant', '2023-10-30 17:55:09.000000', 156, NULL),
       (540, 'C405 - Bed 4', '2023-10-30 17:55:09.000000', 'vacant', '2023-10-30 17:55:09.000000', 154, NULL),
       (541, 'C205 - Bed 4', '2023-10-30 17:55:09.000000', 'vacant', '2023-10-30 17:55:09.000000', 152, NULL),
       (542, 'C105 - Bed 4', '2023-10-30 17:55:09.000000', 'vacant', '2023-10-30 17:55:09.000000', 151, NULL),
       (543, 'B505 - Bed 4', '2023-10-30 17:55:09.000000', 'vacant', '2023-10-30 17:55:09.000000', 150, NULL),
       (544, 'B305 - Bed 4', '2023-10-30 17:55:09.000000', 'vacant', '2023-10-30 17:55:09.000000', 148, NULL),
       (545, 'B105 - Bed 4', '2023-10-30 17:55:09.000000', 'vacant', '2023-10-30 17:55:09.000000', 146, NULL),
       (546, 'A505 - Bed 4', '2023-10-30 17:55:09.000000', 'vacant', '2023-10-30 17:55:09.000000', 145, NULL),
       (547, 'A305 - Bed 4', '2023-10-30 17:55:09.000000', 'vacant', '2023-10-30 17:55:09.000000', 143, NULL),
       (548, 'A205 - Bed 4', '2023-10-30 17:55:09.000000', 'vacant', '2023-10-30 17:55:09.000000', 142, NULL),
       (549, 'A105 - Bed 4', '2023-10-30 17:55:09.000000', 'vacant', '2023-10-30 17:55:09.000000', 141, NULL),
       (550, 'G504 - Bed 4', '2023-10-30 17:55:09.000000', 'vacant', '2023-10-30 17:55:09.000000', 140, NULL),
       (551, 'G404 - Bed 4', '2023-10-30 17:55:09.000000', 'vacant', '2023-10-30 17:55:09.000000', 139, NULL),
       (552, 'G304 - Bed 4', '2023-10-30 17:55:09.000000', 'vacant', '2023-10-30 17:55:09.000000', 138, NULL),
       (553, 'G204 - Bed 4', '2023-10-30 17:55:09.000000', 'vacant', '2023-10-30 17:55:09.000000', 137, NULL),
       (554, 'F504 - Bed 4', '2023-10-30 17:55:09.000000', 'vacant', '2023-10-30 17:55:09.000000', 135, NULL),
       (555, 'F404 - Bed 4', '2023-10-30 17:55:09.000000', 'vacant', '2023-10-30 17:55:09.000000', 134, NULL),
       (556, 'F304 - Bed 4', '2023-10-30 17:55:09.000000', 'vacant', '2023-10-30 17:55:09.000000', 133, NULL),
       (557, 'F204 - Bed 4', '2023-10-30 17:55:09.000000', 'vacant', '2023-10-30 17:55:09.000000', 132, NULL),
       (558, 'E504 - Bed 4', '2023-10-30 17:55:09.000000', 'vacant', '2023-10-30 17:55:09.000000', 130, NULL),
       (559, 'E304 - Bed 4', '2023-10-30 17:55:09.000000', 'vacant', '2023-10-30 17:55:09.000000', 128, NULL),
       (560, 'E204 - Bed 4', '2023-10-30 17:55:09.000000', 'vacant', '2023-10-30 17:55:09.000000', 127, NULL),
       (561, 'E104 - Bed 4', '2023-10-30 17:55:09.000000', 'vacant', '2023-10-30 17:55:09.000000', 126, NULL),
       (562, 'D504 - Bed 4', '2023-10-30 17:55:09.000000', 'vacant', '2023-10-30 17:55:09.000000', 125, NULL),
       (563, 'D404 - Bed 4', '2023-10-30 17:55:09.000000', 'vacant', '2023-10-30 17:55:09.000000', 124, NULL),
       (564, 'D304 - Bed 4', '2023-10-30 17:55:09.000000', 'vacant', '2023-10-30 17:55:09.000000', 123, NULL),
       (565, 'D104 - Bed 4', '2023-10-30 17:55:09.000000', 'vacant', '2023-10-30 17:55:09.000000', 121, NULL),
       (566, 'C104 - Bed 4', '2023-10-30 17:55:09.000000', 'vacant', '2023-10-30 17:55:09.000000', 116, NULL),
       (567, 'B504 - Bed 4', '2023-10-30 17:55:09.000000', 'vacant', '2023-10-30 17:55:09.000000', 115, NULL),
       (568, 'B404 - Bed 4', '2023-10-30 17:55:09.000000', 'vacant', '2023-10-30 17:55:09.000000', 114, NULL),
       (569, 'B304 - Bed 4', '2023-10-30 17:55:09.000000', 'vacant', '2023-10-30 17:55:09.000000', 113, NULL),
       (570, 'A504 - Bed 4', '2023-10-30 17:55:09.000000', 'vacant', '2023-10-30 17:55:09.000000', 110, NULL),
       (571, 'A404 - Bed 4', '2023-10-30 17:55:09.000000', 'vacant', '2023-10-30 17:55:09.000000', 109, NULL),
       (572, 'A304 - Bed 4', '2023-10-30 17:55:09.000000', 'vacant', '2023-10-30 17:55:09.000000', 108, NULL),
       (573, 'A104 - Bed 4', '2023-10-30 17:55:09.000000', 'vacant', '2023-10-30 17:55:09.000000', 106, NULL),
       (574, 'G503 - Bed 4', '2023-10-30 17:55:09.000000', 'vacant', '2023-10-30 17:55:09.000000', 105, NULL),
       (575, 'G403 - Bed 4', '2023-10-30 17:55:09.000000', 'vacant', '2023-10-30 17:55:09.000000', 104, NULL),
       (576, 'G103 - Bed 4', '2023-10-30 17:55:09.000000', 'vacant', '2023-10-30 17:55:09.000000', 101, NULL),
       (577, 'F503 - Bed 4', '2023-10-30 17:55:09.000000', 'vacant', '2023-10-30 17:55:09.000000', 100, NULL),
       (578, 'F403 - Bed 4', '2023-10-30 17:55:09.000000', 'vacant', '2023-10-30 17:55:09.000000', 99, NULL),
       (579, 'F303 - Bed 4', '2023-10-30 17:55:09.000000', 'vacant', '2023-10-30 17:55:09.000000', 98, NULL),
       (580, 'F103 - Bed 4', '2023-10-30 17:55:09.000000', 'vacant', '2023-10-30 17:55:09.000000', 96, NULL),
       (581, 'E503 - Bed 4', '2023-10-30 17:55:09.000000', 'vacant', '2023-10-30 17:55:09.000000', 95, NULL),
       (582, 'E203 - Bed 4', '2023-10-30 17:55:09.000000', 'vacant', '2023-10-30 17:55:09.000000', 92, NULL),
       (583, 'E103 - Bed 4', '2023-10-30 17:55:09.000000', 'vacant', '2023-10-30 17:55:09.000000', 91, NULL),
       (584, 'D403 - Bed 4', '2023-10-30 17:55:09.000000', 'vacant', '2023-10-30 17:55:09.000000', 89, NULL),
       (585, 'D303 - Bed 4', '2023-10-30 17:55:09.000000', 'vacant', '2023-10-30 17:55:09.000000', 88, NULL),
       (586, 'D203 - Bed 4', '2023-10-30 17:55:09.000000', 'vacant', '2023-10-30 17:55:09.000000', 87, NULL),
       (587, 'C403 - Bed 4', '2023-10-30 17:55:09.000000', 'vacant', '2023-10-30 17:55:09.000000', 84, NULL),
       (588, 'C103 - Bed 4', '2023-10-30 17:55:09.000000', 'vacant', '2023-10-30 17:55:09.000000', 81, NULL),
       (589, 'B503 - Bed 4', '2023-10-30 17:55:09.000000', 'vacant', '2023-10-30 17:55:09.000000', 80, NULL),
       (590, 'B303 - Bed 4', '2023-10-30 17:55:09.000000', 'vacant', '2023-10-30 17:55:09.000000', 78, NULL),
       (591, 'B203 - Bed 4', '2023-10-30 17:55:09.000000', 'vacant', '2023-10-30 17:55:09.000000', 77, NULL),
       (592, 'B103 - Bed 4', '2023-10-30 17:55:09.000000', 'vacant', '2023-10-30 17:55:09.000000', 76, NULL),
       (593, 'A503 - Bed 4', '2023-10-30 17:55:09.000000', 'vacant', '2023-10-30 17:55:09.000000', 75, NULL),
       (594, 'A403 - Bed 4', '2023-10-30 17:55:09.000000', 'vacant', '2023-10-30 17:55:09.000000', 74, NULL),
       (595, 'A203 - Bed 4', '2023-10-30 17:55:09.000000', 'vacant', '2023-10-30 17:55:09.000000', 72, NULL),
       (596, 'G502 - Bed 4', '2023-10-30 17:55:09.000000', 'vacant', '2023-10-30 17:55:09.000000', 70, NULL),
       (597, 'G402 - Bed 4', '2023-10-30 17:55:09.000000', 'vacant', '2023-10-30 17:55:09.000000', 69, NULL),
       (598, 'G102 - Bed 4', '2023-10-30 17:55:09.000000', 'vacant', '2023-10-30 17:55:09.000000', 66, NULL),
       (599, 'F302 - Bed 4', '2023-10-30 17:55:09.000000', 'vacant', '2023-10-30 17:55:09.000000', 63, NULL),
       (600, 'F202 - Bed 4', '2023-10-30 17:55:09.000000', 'vacant', '2023-10-30 17:55:09.000000', 62, NULL),
       (601, 'E502 - Bed 4', '2023-10-30 17:55:09.000000', 'vacant', '2023-10-30 17:55:09.000000', 60, NULL),
       (602, 'E402 - Bed 4', '2023-10-30 17:55:09.000000', 'vacant', '2023-10-30 17:55:09.000000', 59, NULL),
       (603, 'E202 - Bed 4', '2023-10-30 17:55:09.000000', 'vacant', '2023-10-30 17:55:09.000000', 57, NULL),
       (604, 'E102 - Bed 4', '2023-10-30 17:55:09.000000', 'vacant', '2023-10-30 17:55:09.000000', 56, NULL),
       (605, 'D502 - Bed 4', '2023-10-30 17:55:09.000000', 'vacant', '2023-10-30 17:55:09.000000', 55, NULL),
       (606, 'D402 - Bed 4', '2023-10-30 17:55:09.000000', 'vacant', '2023-10-30 17:55:09.000000', 54, NULL),
       (607, 'D302 - Bed 4', '2023-10-30 17:55:09.000000', 'vacant', '2023-10-30 17:55:09.000000', 53, NULL),
       (608, 'D202 - Bed 4', '2023-10-30 17:55:09.000000', 'vacant', '2023-10-30 17:55:09.000000', 52, NULL),
       (609, 'D102 - Bed 4', '2023-10-30 17:55:09.000000', 'vacant', '2023-10-30 17:55:09.000000', 51, NULL),
       (610, 'C502 - Bed 4', '2023-10-30 17:55:09.000000', 'vacant', '2023-10-30 17:55:09.000000', 50, NULL),
       (611, 'C302 - Bed 4', '2023-10-30 17:55:09.000000', 'vacant', '2023-10-30 17:55:09.000000', 48, NULL),
       (612, 'C202 - Bed 4', '2023-10-30 17:55:09.000000', 'vacant', '2023-10-30 17:55:09.000000', 47, NULL),
       (613, 'C102 - Bed 4', '2023-10-30 17:55:09.000000', 'vacant', '2023-10-30 17:55:09.000000', 46, NULL),
       (614, 'B402 - Bed 4', '2023-10-30 17:55:09.000000', 'vacant', '2023-10-30 17:55:09.000000', 44, NULL),
       (615, 'B202 - Bed 4', '2023-10-30 17:55:09.000000', 'vacant', '2023-10-30 17:55:09.000000', 42, NULL),
       (616, 'B102 - Bed 4', '2023-10-30 17:55:09.000000', 'vacant', '2023-10-30 17:55:09.000000', 41, NULL),
       (617, 'A502 - Bed 4', '2023-10-30 17:55:09.000000', 'vacant', '2023-10-30 17:55:09.000000', 40, NULL),
       (618, 'A302 - Bed 4', '2023-10-30 17:55:09.000000', 'vacant', '2023-10-30 17:55:09.000000', 38, NULL),
       (619, 'A102 - Bed 4', '2023-10-30 17:55:09.000000', 'vacant', '2023-10-30 17:55:09.000000', 36, NULL),
       (620, 'G401 - Bed 4', '2023-10-30 17:55:09.000000', 'vacant', '2023-10-30 17:55:09.000000', 34, NULL),
       (621, 'G301 - Bed 4', '2023-10-30 17:55:09.000000', 'vacant', '2023-10-30 17:55:09.000000', 33, NULL),
       (622, 'G201 - Bed 4', '2023-10-30 17:55:09.000000', 'vacant', '2023-10-30 17:55:09.000000', 32, NULL),
       (623, 'G101 - Bed 4', '2023-10-30 17:55:09.000000', 'vacant', '2023-10-30 17:55:09.000000', 31, NULL),
       (624, 'F301 - Bed 4', '2023-10-30 17:55:09.000000', 'vacant', '2023-10-30 17:55:09.000000', 28, NULL),
       (625, 'F201 - Bed 4', '2023-10-30 17:55:09.000000', 'vacant', '2023-10-30 17:55:09.000000', 27, NULL),
       (626, 'F101 - Bed 4', '2023-10-30 17:55:09.000000', 'vacant', '2023-10-30 17:55:09.000000', 26, NULL),
       (627, 'E401 - Bed 4', '2023-10-30 17:55:09.000000', 'vacant', '2023-10-30 17:55:09.000000', 24, NULL),
       (628, 'E301 - Bed 4', '2023-10-30 17:55:09.000000', 'vacant', '2023-10-30 17:55:09.000000', 23, NULL),
       (629, 'E201 - Bed 4', '2023-10-30 17:55:09.000000', 'vacant', '2023-10-30 17:55:09.000000', 22, NULL),
       (630, 'D501 - Bed 4', '2023-10-30 17:55:09.000000', 'vacant', '2023-10-30 17:55:09.000000', 20, NULL),
       (631, 'D401 - Bed 4', '2023-10-30 17:55:09.000000', 'vacant', '2023-10-30 17:55:09.000000', 19, NULL),
       (632, 'D301 - Bed 4', '2023-10-30 17:55:09.000000', 'vacant', '2023-10-30 17:55:09.000000', 18, NULL),
       (633, 'D101 - Bed 4', '2023-10-30 17:55:09.000000', 'vacant', '2023-10-30 17:55:09.000000', 16, NULL),
       (634, 'C301 - Bed 4', '2023-10-30 17:55:09.000000', 'vacant', '2023-10-30 17:55:09.000000', 13, NULL),
       (635, 'C201 - Bed 4', '2023-10-30 17:55:09.000000', 'vacant', '2023-10-30 17:55:09.000000', 12, NULL),
       (636, 'B501 - Bed 4', '2023-10-30 17:55:09.000000', 'vacant', '2023-10-30 17:55:09.000000', 10, NULL),
       (637, 'B301 - Bed 4', '2023-10-30 17:55:09.000000', 'vacant', '2023-10-30 17:55:09.000000', 8, NULL),
       (638, 'B101 - Bed 4', '2023-10-30 17:55:09.000000', 'vacant', '2023-10-30 17:55:09.000000', 6, NULL),
       (639, 'A401 - Bed 4', '2023-10-30 17:55:09.000000', 'vacant', '2023-10-30 17:55:09.000000', 4, NULL),
       (640, 'A301 - Bed 4', '2023-10-30 17:55:09.000000', 'vacant', '2023-10-30 17:55:09.000000', 3, NULL),
       (641, 'A201 - Bed 4', '2023-10-30 17:55:09.000000', 'vacant', '2023-10-30 17:55:09.000000', 2, NULL),
       (642, 'G105 - Bed 5', '2023-10-30 17:55:09.000000', 'vacant', '2023-10-30 17:55:09.000000', 171, NULL),
       (643, 'F505 - Bed 5', '2023-10-30 17:55:09.000000', 'vacant', '2023-10-30 17:55:09.000000', 170, NULL),
       (644, 'E505 - Bed 5', '2023-10-30 17:55:09.000000', 'vacant', '2023-10-30 17:55:09.000000', 165, NULL),
       (645, 'E405 - Bed 5', '2023-10-30 17:55:09.000000', 'vacant', '2023-10-30 17:55:09.000000', 164, NULL),
       (646, 'E105 - Bed 5', '2023-10-30 17:55:09.000000', 'vacant', '2023-10-30 17:55:09.000000', 161, NULL),
       (647, 'D405 - Bed 5', '2023-10-30 17:55:09.000000', 'vacant', '2023-10-30 17:55:09.000000', 159, NULL),
       (648, 'D205 - Bed 5', '2023-10-30 17:55:09.000000', 'vacant', '2023-10-30 17:55:09.000000', 157, NULL),
       (649, 'C405 - Bed 5', '2023-10-30 17:55:09.000000', 'vacant', '2023-10-30 17:55:09.000000', 154, NULL),
       (650, 'B105 - Bed 5', '2023-10-30 17:55:09.000000', 'vacant', '2023-10-30 17:55:09.000000', 146, NULL),
       (651, 'A105 - Bed 5', '2023-10-30 17:55:09.000000', 'vacant', '2023-10-30 17:55:09.000000', 141, NULL),
       (652, 'G404 - Bed 5', '2023-10-30 17:55:09.000000', 'vacant', '2023-10-30 17:55:09.000000', 139, NULL),
       (653, 'G304 - Bed 5', '2023-10-30 17:55:09.000000', 'vacant', '2023-10-30 17:55:09.000000', 138, NULL),
       (654, 'F404 - Bed 5', '2023-10-30 17:55:09.000000', 'vacant', '2023-10-30 17:55:09.000000', 134, NULL),
       (655, 'F304 - Bed 5', '2023-10-30 17:55:09.000000', 'vacant', '2023-10-30 17:55:09.000000', 133, NULL),
       (656, 'E504 - Bed 5', '2023-10-30 17:55:09.000000', 'vacant', '2023-10-30 17:55:09.000000', 130, NULL),
       (657, 'E304 - Bed 5', '2023-10-30 17:55:09.000000', 'vacant', '2023-10-30 17:55:09.000000', 128, NULL),
       (658, 'E104 - Bed 5', '2023-10-30 17:55:09.000000', 'vacant', '2023-10-30 17:55:09.000000', 126, NULL),
       (659, 'D404 - Bed 5', '2023-10-30 17:55:09.000000', 'vacant', '2023-10-30 17:55:09.000000', 124, NULL),
       (660, 'C104 - Bed 5', '2023-10-30 17:55:09.000000', 'vacant', '2023-10-30 17:55:09.000000', 116, NULL),
       (661, 'B304 - Bed 5', '2023-10-30 17:55:09.000000', 'vacant', '2023-10-30 17:55:09.000000', 113, NULL),
       (662, 'A404 - Bed 5', '2023-10-30 17:55:09.000000', 'vacant', '2023-10-30 17:55:09.000000', 109, NULL),
       (663, 'A304 - Bed 5', '2023-10-30 17:55:09.000000', 'vacant', '2023-10-30 17:55:09.000000', 108, NULL),
       (664, 'A104 - Bed 5', '2023-10-30 17:55:09.000000', 'vacant', '2023-10-30 17:55:09.000000', 106, NULL),
       (665, 'G503 - Bed 5', '2023-10-30 17:55:09.000000', 'vacant', '2023-10-30 17:55:09.000000', 105, NULL),
       (666, 'G403 - Bed 5', '2023-10-30 17:55:09.000000', 'vacant', '2023-10-30 17:55:09.000000', 104, NULL),
       (667, 'F403 - Bed 5', '2023-10-30 17:55:09.000000', 'vacant', '2023-10-30 17:55:09.000000', 99, NULL),
       (668, 'F303 - Bed 5', '2023-10-30 17:55:09.000000', 'vacant', '2023-10-30 17:55:09.000000', 98, NULL),
       (669, 'E503 - Bed 5', '2023-10-30 17:55:09.000000', 'vacant', '2023-10-30 17:55:09.000000', 95, NULL),
       (670, 'E203 - Bed 5', '2023-10-30 17:55:09.000000', 'vacant', '2023-10-30 17:55:09.000000', 92, NULL),
       (671, 'E103 - Bed 5', '2023-10-30 17:55:09.000000', 'vacant', '2023-10-30 17:55:09.000000', 91, NULL),
       (672, 'D303 - Bed 5', '2023-10-30 17:55:09.000000', 'vacant', '2023-10-30 17:55:09.000000', 88, NULL),
       (673, 'D203 - Bed 5', '2023-10-30 17:55:09.000000', 'vacant', '2023-10-30 17:55:09.000000', 87, NULL),
       (674, 'B503 - Bed 5', '2023-10-30 17:55:09.000000', 'vacant', '2023-10-30 17:55:09.000000', 80, NULL),
       (675, 'B303 - Bed 5', '2023-10-30 17:55:09.000000', 'vacant', '2023-10-30 17:55:09.000000', 78, NULL),
       (676, 'B203 - Bed 5', '2023-10-30 17:55:09.000000', 'vacant', '2023-10-30 17:55:09.000000', 77, NULL),
       (677, 'A503 - Bed 5', '2023-10-30 17:55:09.000000', 'vacant', '2023-10-30 17:55:09.000000', 75, NULL),
       (678, 'G502 - Bed 5', '2023-10-30 17:55:09.000000', 'vacant', '2023-10-30 17:55:09.000000', 70, NULL),
       (679, 'G402 - Bed 5', '2023-10-30 17:55:09.000000', 'vacant', '2023-10-30 17:55:09.000000', 69, NULL),
       (680, 'G102 - Bed 5', '2023-10-30 17:55:09.000000', 'vacant', '2023-10-30 17:55:09.000000', 66, NULL),
       (681, 'F302 - Bed 5', '2023-10-30 17:55:09.000000', 'vacant', '2023-10-30 17:55:09.000000', 63, NULL),
       (682, 'E502 - Bed 5', '2023-10-30 17:55:09.000000', 'vacant', '2023-10-30 17:55:09.000000', 60, NULL),
       (683, 'E402 - Bed 5', '2023-10-30 17:55:09.000000', 'vacant', '2023-10-30 17:55:09.000000', 59, NULL),
       (684, 'D502 - Bed 5', '2023-10-30 17:55:09.000000', 'vacant', '2023-10-30 17:55:09.000000', 55, NULL),
       (685, 'D102 - Bed 5', '2023-10-30 17:55:09.000000', 'vacant', '2023-10-30 17:55:09.000000', 51, NULL),
       (686, 'C302 - Bed 5', '2023-10-30 17:55:09.000000', 'vacant', '2023-10-30 17:55:09.000000', 48, NULL),
       (687, 'C102 - Bed 5', '2023-10-30 17:55:09.000000', 'vacant', '2023-10-30 17:55:09.000000', 46, NULL),
       (688, 'B202 - Bed 5', '2023-10-30 17:55:09.000000', 'vacant', '2023-10-30 17:55:09.000000', 42, NULL),
       (689, 'G401 - Bed 5', '2023-10-30 17:55:09.000000', 'vacant', '2023-10-30 17:55:09.000000', 34, NULL),
       (690, 'G301 - Bed 5', '2023-10-30 17:55:09.000000', 'vacant', '2023-10-30 17:55:09.000000', 33, NULL),
       (691, 'G101 - Bed 5', '2023-10-30 17:55:09.000000', 'vacant', '2023-10-30 17:55:09.000000', 31, NULL),
       (692, 'F301 - Bed 5', '2023-10-30 17:55:09.000000', 'vacant', '2023-10-30 17:55:09.000000', 28, NULL),
       (693, 'F201 - Bed 5', '2023-10-30 17:55:09.000000', 'vacant', '2023-10-30 17:55:09.000000', 27, NULL),
       (694, 'E201 - Bed 5', '2023-10-30 17:55:09.000000', 'vacant', '2023-10-30 17:55:09.000000', 22, NULL),
       (695, 'D301 - Bed 5', '2023-10-30 17:55:09.000000', 'vacant', '2023-10-30 17:55:09.000000', 18, NULL),
       (696, 'C201 - Bed 5', '2023-10-30 17:55:09.000000', 'vacant', '2023-10-30 17:55:09.000000', 12, NULL),
       (697, 'B501 - Bed 5', '2023-10-30 17:55:09.000000', 'vacant', '2023-10-30 17:55:09.000000', 10, NULL),
       (698, 'B301 - Bed 5', '2023-10-30 17:55:09.000000', 'vacant', '2023-10-30 17:55:09.000000', 8, NULL),
       (699, 'B101 - Bed 5', '2023-10-30 17:55:09.000000', 'vacant', '2023-10-30 17:55:09.000000', 6, NULL),
       (700, 'A401 - Bed 5', '2023-10-30 17:55:09.000000', 'vacant', '2023-10-30 17:55:09.000000', 4, NULL),
       (701, 'A301 - Bed 5', '2023-10-30 17:55:09.000000', 'vacant', '2023-10-30 17:55:09.000000', 3, NULL),
       (702, 'A201 - Bed 5', '2023-10-30 17:55:09.000000', 'vacant', '2023-10-30 17:55:09.000000', 2, NULL),
       (703, 'G105 - Bed 6', '2023-10-30 17:55:09.000000', 'vacant', '2023-10-30 17:55:09.000000', 171, NULL),
       (704, 'F505 - Bed 6', '2023-10-30 17:55:09.000000', 'vacant', '2023-10-30 17:55:09.000000', 170, NULL),
       (705, 'E505 - Bed 6', '2023-10-30 17:55:09.000000', 'vacant', '2023-10-30 17:55:09.000000', 165, NULL),
       (706, 'E405 - Bed 6', '2023-10-30 17:55:09.000000', 'vacant', '2023-10-30 17:55:09.000000', 164, NULL),
       (707, 'E105 - Bed 6', '2023-10-30 17:55:09.000000', 'vacant', '2023-10-30 17:55:09.000000', 161, NULL),
       (708, 'D405 - Bed 6', '2023-10-30 17:55:09.000000', 'vacant', '2023-10-30 17:55:09.000000', 159, NULL),
       (709, 'D205 - Bed 6', '2023-10-30 17:55:09.000000', 'vacant', '2023-10-30 17:55:09.000000', 157, NULL),
       (710, 'C405 - Bed 6', '2023-10-30 17:55:09.000000', 'vacant', '2023-10-30 17:55:09.000000', 154, NULL),
       (711, 'B105 - Bed 6', '2023-10-30 17:55:09.000000', 'vacant', '2023-10-30 17:55:09.000000', 146, NULL),
       (712, 'A105 - Bed 6', '2023-10-30 17:55:09.000000', 'vacant', '2023-10-30 17:55:09.000000', 141, NULL),
       (713, 'G404 - Bed 6', '2023-10-30 17:55:09.000000', 'vacant', '2023-10-30 17:55:09.000000', 139, NULL),
       (714, 'G304 - Bed 6', '2023-10-30 17:55:09.000000', 'vacant', '2023-10-30 17:55:09.000000', 138, NULL),
       (715, 'F404 - Bed 6', '2023-10-30 17:55:09.000000', 'vacant', '2023-10-30 17:55:09.000000', 134, NULL),
       (716, 'F304 - Bed 6', '2023-10-30 17:55:09.000000', 'vacant', '2023-10-30 17:55:09.000000', 133, NULL),
       (717, 'E504 - Bed 6', '2023-10-30 17:55:09.000000', 'vacant', '2023-10-30 17:55:09.000000', 130, NULL),
       (718, 'E304 - Bed 6', '2023-10-30 17:55:09.000000', 'vacant', '2023-10-30 17:55:09.000000', 128, NULL),
       (719, 'E104 - Bed 6', '2023-10-30 17:55:09.000000', 'vacant', '2023-10-30 17:55:09.000000', 126, NULL),
       (720, 'D404 - Bed 6', '2023-10-30 17:55:09.000000', 'vacant', '2023-10-30 17:55:09.000000', 124, NULL),
       (721, 'C104 - Bed 6', '2023-10-30 17:55:09.000000', 'vacant', '2023-10-30 17:55:09.000000', 116, NULL),
       (722, 'B304 - Bed 6', '2023-10-30 17:55:09.000000', 'vacant', '2023-10-30 17:55:09.000000', 113, NULL),
       (723, 'A404 - Bed 6', '2023-10-30 17:55:09.000000', 'vacant', '2023-10-30 17:55:09.000000', 109, NULL),
       (724, 'A304 - Bed 6', '2023-10-30 17:55:09.000000', 'vacant', '2023-10-30 17:55:09.000000', 108, NULL),
       (725, 'A104 - Bed 6', '2023-10-30 17:55:09.000000', 'vacant', '2023-10-30 17:55:09.000000', 106, NULL),
       (726, 'G503 - Bed 6', '2023-10-30 17:55:09.000000', 'vacant', '2023-10-30 17:55:09.000000', 105, NULL),
       (727, 'G403 - Bed 6', '2023-10-30 17:55:09.000000', 'vacant', '2023-10-30 17:55:09.000000', 104, NULL),
       (728, 'F403 - Bed 6', '2023-10-30 17:55:09.000000', 'vacant', '2023-10-30 17:55:09.000000', 99, NULL),
       (729, 'F303 - Bed 6', '2023-10-30 17:55:09.000000', 'vacant', '2023-10-30 17:55:09.000000', 98, NULL),
       (730, 'E503 - Bed 6', '2023-10-30 17:55:09.000000', 'vacant', '2023-10-30 17:55:09.000000', 95, NULL),
       (731, 'E203 - Bed 6', '2023-10-30 17:55:09.000000', 'vacant', '2023-10-30 17:55:09.000000', 92, NULL),
       (732, 'E103 - Bed 6', '2023-10-30 17:55:09.000000', 'vacant', '2023-10-30 17:55:09.000000', 91, NULL),
       (733, 'D303 - Bed 6', '2023-10-30 17:55:09.000000', 'vacant', '2023-10-30 17:55:09.000000', 88, NULL),
       (734, 'D203 - Bed 6', '2023-10-30 17:55:09.000000', 'vacant', '2023-10-30 17:55:09.000000', 87, NULL),
       (735, 'B503 - Bed 6', '2023-10-30 17:55:09.000000', 'vacant', '2023-10-30 17:55:09.000000', 80, NULL),
       (736, 'B303 - Bed 6', '2023-10-30 17:55:09.000000', 'vacant', '2023-10-30 17:55:09.000000', 78, NULL),
       (737, 'B203 - Bed 6', '2023-10-30 17:55:09.000000', 'vacant', '2023-10-30 17:55:09.000000', 77, NULL),
       (738, 'A503 - Bed 6', '2023-10-30 17:55:09.000000', 'vacant', '2023-10-30 17:55:09.000000', 75, NULL),
       (739, 'G502 - Bed 6', '2023-10-30 17:55:09.000000', 'vacant', '2023-10-30 17:55:09.000000', 70, NULL),
       (740, 'G402 - Bed 6', '2023-10-30 17:55:09.000000', 'vacant', '2023-10-30 17:55:09.000000', 69, NULL),
       (741, 'G102 - Bed 6', '2023-10-30 17:55:09.000000', 'vacant', '2023-10-30 17:55:09.000000', 66, NULL),
       (742, 'F302 - Bed 6', '2023-10-30 17:55:09.000000', 'vacant', '2023-10-30 17:55:09.000000', 63, NULL),
       (743, 'E502 - Bed 6', '2023-10-30 17:55:09.000000', 'vacant', '2023-10-30 17:55:09.000000', 60, NULL),
       (744, 'E402 - Bed 6', '2023-10-30 17:55:09.000000', 'vacant', '2023-10-30 17:55:09.000000', 59, NULL),
       (745, 'D502 - Bed 6', '2023-10-30 17:55:09.000000', 'vacant', '2023-10-30 17:55:09.000000', 55, NULL),
       (746, 'D102 - Bed 6', '2023-10-30 17:55:09.000000', 'vacant', '2023-10-30 17:55:09.000000', 51, NULL),
       (747, 'C302 - Bed 6', '2023-10-30 17:55:09.000000', 'vacant', '2023-10-30 17:55:09.000000', 48, NULL),
       (748, 'C102 - Bed 6', '2023-10-30 17:55:09.000000', 'vacant', '2023-10-30 17:55:09.000000', 46, NULL),
       (749, 'B202 - Bed 6', '2023-10-30 17:55:09.000000', 'vacant', '2023-10-30 17:55:09.000000', 42, NULL),
       (750, 'G401 - Bed 6', '2023-10-30 17:55:09.000000', 'vacant', '2023-10-30 17:55:09.000000', 34, NULL),
       (751, 'G301 - Bed 6', '2023-10-30 17:55:09.000000', 'vacant', '2023-10-30 17:55:09.000000', 33, NULL),
       (752, 'G101 - Bed 6', '2023-10-30 17:55:09.000000', 'vacant', '2023-10-30 17:55:09.000000', 31, NULL),
       (753, 'F301 - Bed 6', '2023-10-30 17:55:09.000000', 'vacant', '2023-10-30 17:55:09.000000', 28, NULL),
       (754, 'F201 - Bed 6', '2023-10-30 17:55:09.000000', 'vacant', '2023-10-30 17:55:09.000000', 27, NULL),
       (755, 'E201 - Bed 6', '2023-10-30 17:55:09.000000', 'vacant', '2023-10-30 17:55:09.000000', 22, NULL),
       (756, 'D301 - Bed 6', '2023-10-30 17:55:09.000000', 'vacant', '2023-10-30 17:55:09.000000', 18, NULL),
       (757, 'C201 - Bed 6', '2023-10-30 17:55:09.000000', 'vacant', '2023-10-30 17:55:09.000000', 12, NULL),
       (758, 'B501 - Bed 6', '2023-10-30 17:55:09.000000', 'vacant', '2023-10-30 17:55:09.000000', 10, NULL),
       (759, 'B301 - Bed 6', '2023-10-30 17:55:09.000000', 'vacant', '2023-10-30 17:55:09.000000', 8, NULL),
       (760, 'B101 - Bed 6', '2023-10-30 17:55:09.000000', 'vacant', '2023-10-30 17:55:09.000000', 6, NULL),
       (761, 'A401 - Bed 6', '2023-10-30 17:55:09.000000', 'vacant', '2023-10-30 17:55:09.000000', 4, NULL),
       (762, 'A301 - Bed 6', '2023-10-30 17:55:09.000000', 'vacant', '2023-10-30 17:55:09.000000', 3, NULL),
       (763, 'A201 - Bed 6', '2023-10-30 17:55:09.000000', 'vacant', '2023-10-30 17:55:09.000000', 2, NULL);
/*!40000 ALTER TABLE `bed` ENABLE KEYS */;
UNLOCK
TABLES;

--
-- Table structure for table `bed_request`
--

DROP TABLE IF EXISTS `bed_request`;
/*!40101 SET @saved_cs_client     = @@character_set_client */;
/*!50503 SET character_set_client = utf8mb4 */;
CREATE TABLE `bed_request`
(
    `bed_request_id` bigint NOT NULL AUTO_INCREMENT,
    `created_at`     datetime(6) DEFAULT NULL,
    `status`         varchar(20) DEFAULT NULL,
    `updated_at`     datetime(6) DEFAULT NULL,
    `bed_id`         bigint      DEFAULT NULL,
    `semester_id`    bigint      DEFAULT NULL,
    `student_id`     bigint      DEFAULT NULL,
    PRIMARY KEY (`bed_request_id`),
    KEY              `FK9mh01gkerx5rc54mgtx2yc34s` (`bed_id`),
    KEY              `FKftatpe9cprf80cgwnctmm5u3b` (`semester_id`),
    KEY              `FK61lhdae6b14pavjvwqsvcn8gj` (`student_id`),
    CONSTRAINT `FK61lhdae6b14pavjvwqsvcn8gj` FOREIGN KEY (`student_id`) REFERENCES `student` (`student_id`),
    CONSTRAINT `FK9mh01gkerx5rc54mgtx2yc34s` FOREIGN KEY (`bed_id`) REFERENCES `bed` (`bed_id`),
    CONSTRAINT `FKftatpe9cprf80cgwnctmm5u3b` FOREIGN KEY (`semester_id`) REFERENCES `semester` (`semester_id`)
) ENGINE=InnoDB AUTO_INCREMENT=3 DEFAULT CHARSET=utf8mb4 COLLATE=utf8mb4_0900_ai_ci;
/*!40101 SET character_set_client = @saved_cs_client */;

--
-- Dumping data for table `bed_request`
--

LOCK
TABLES `bed_request` WRITE;
/*!40000 ALTER TABLE `bed_request` DISABLE KEYS */;
INSERT INTO `bed_request`
VALUES (2, '2023-10-31 01:33:17.329254', 'expired', '2023-10-31 01:56:03.289275', 175, 2, 1);
/*!40000 ALTER TABLE `bed_request` ENABLE KEYS */;
UNLOCK
TABLES;

--
-- Table structure for table `building`
--

DROP TABLE IF EXISTS `building`;
/*!40101 SET @saved_cs_client     = @@character_set_client */;
/*!50503 SET character_set_client = utf8mb4 */;
CREATE TABLE `building`
(
    `building_id`   bigint NOT NULL AUTO_INCREMENT,
    `building_name` varchar(255) DEFAULT NULL,
    `created_at`    datetime(6) DEFAULT NULL,
    `updated_at`    datetime(6) DEFAULT NULL,
    `number_floor`  int          DEFAULT NULL,
    PRIMARY KEY (`building_id`)
) ENGINE=InnoDB AUTO_INCREMENT=8 DEFAULT CHARSET=utf8mb4 COLLATE=utf8mb4_0900_ai_ci;
/*!40101 SET character_set_client = @saved_cs_client */;

--
-- Dumping data for table `building`
--

LOCK
TABLES `building` WRITE;
/*!40000 ALTER TABLE `building` DISABLE KEYS */;
INSERT INTO `building`
VALUES (1, 'Dom A', '2023-10-16 00:31:08.000000', '2023-10-18 02:12:49.361000', 5),
       (2, 'Dom B', '2023-10-16 00:31:08.000000', '2023-10-18 02:12:07.695000', 5),
       (3, 'Dom C', '2023-10-18 02:13:05.327000', '2023-10-18 02:13:05.327000', 5),
       (4, 'Dom D', '2023-10-18 02:13:18.041000', '2023-10-18 02:13:18.041000', 5),
       (5, 'Dom E', '2023-10-18 02:13:29.969000', '2023-10-18 02:13:29.969000', 5),
       (6, 'Dom F', '2023-10-18 02:13:43.267000', '2023-10-18 02:13:43.267000', 5),
       (7, 'Dom G', '2023-10-18 02:14:12.149000', '2023-10-18 02:14:12.149000', 5);
/*!40000 ALTER TABLE `building` ENABLE KEYS */;
UNLOCK
TABLES;

--
-- Table structure for table `feature`
--

DROP TABLE IF EXISTS `feature`;
/*!40101 SET @saved_cs_client     = @@character_set_client */;
/*!50503 SET character_set_client = utf8mb4 */;
CREATE TABLE `feature`
(
    `feature_id`   bigint       NOT NULL AUTO_INCREMENT,
    `created_at`   datetime(6) DEFAULT NULL,
    `feature_name` varchar(50)  NOT NULL,
    `updated_at`   datetime(6) DEFAULT NULL,
    `url`          varchar(300) NOT NULL,
    PRIMARY KEY (`feature_id`)
) ENGINE=InnoDB AUTO_INCREMENT=55 DEFAULT CHARSET=utf8mb4 COLLATE=utf8mb4_0900_ai_ci;
/*!40101 SET character_set_client = @saved_cs_client */;

--
-- Dumping data for table `feature`
--

LOCK
TABLES `feature` WRITE;
/*!40000 ALTER TABLE `feature` DISABLE KEYS */;
INSERT INTO `feature`
VALUES (1, '2023-10-16 00:31:08.000000', 'admin:read', '2023-10-16 00:31:08.000000', '/admin'),
       (2, '2023-10-16 00:31:08.000000', 'admin:create', '2023-10-16 00:31:08.000000', '/admin'),
       (3, '2023-10-16 14:29:10.000000', 'bed:read', '2023-10-16 14:29:10.000000', '/bed'),
       (4, '2023-10-16 14:29:10.000000', 'bed:create', '2023-10-16 14:29:10.000000', '/bed'),
       (5, '2023-10-16 14:29:10.000000', 'bed:update', '2023-10-16 14:29:10.000000', '/bed'),
       (6, '2023-10-16 14:29:10.000000', 'bed:delete', '2023-10-16 14:29:10.000000', '/bed'),
       (7, '2023-10-16 14:29:10.000000', 'bed-request:create', '2023-10-16 14:29:10.000000', '/bed-request'),
       (8, '2023-10-16 14:29:10.000000', 'bed-request:read', '2023-10-16 14:29:10.000000', '/bed-request'),
       (9, '2023-10-16 14:29:10.000000', 'bed-request:update', '2023-10-16 14:29:10.000000', '/bed-request'),
       (10, '2023-10-16 14:29:10.000000', 'bed-request:delete', '2023-10-16 14:29:10.000000', '/bed-request'),
       (11, '2023-10-16 14:29:10.000000', 'news:create', '2023-10-16 14:29:10.000000', '/news'),
       (12, '2023-10-16 14:29:10.000000', 'news:read', '2023-10-16 14:29:10.000000', '/news'),
       (13, '2023-10-16 14:29:10.000000', 'news:update', '2023-10-16 14:29:10.000000', '/news'),
       (14, '2023-10-16 14:29:10.000000', 'news:delete', '2023-10-16 14:29:10.000000', '/news'),
       (15, '2023-10-16 14:29:10.000000', 'request-application:create', '2023-10-16 14:29:10.000000',
        '/request-application'),
       (16, '2023-10-16 14:29:10.000000', 'request-application:read', '2023-10-16 14:29:10.000000',
        '/request-application'),
       (17, '2023-10-16 14:29:10.000000', 'request-application:update', '2023-10-16 14:29:10.000000',
        '/request-application'),
       (18, '2023-10-16 14:29:10.000000', 'request-application:delete', '2023-10-16 14:29:10.000000',
        '/request-application'),
       (19, '2023-10-16 14:29:10.000000', 'request-application-type:create', '2023-10-16 14:29:10.000000',
        '/request-application-type'),
       (20, '2023-10-16 14:29:10.000000', 'request-application-type:read', '2023-10-16 14:29:10.000000',
        '/request-application-type'),
       (21, '2023-10-16 14:29:10.000000', 'request-application-type:update', '2023-10-16 14:29:10.000000',
        '/request-application-type'),
       (22, '2023-10-16 14:29:10.000000', 'request-application-type:delete', '2023-10-16 14:29:10.000000',
        '/request-application-type'),
       (23, '2023-10-16 14:29:10.000000', 'room:create', '2023-10-16 14:29:10.000000', '/room'),
       (24, '2023-10-16 14:29:10.000000', 'room:read', '2023-10-16 14:29:10.000000', '/room'),
       (25, '2023-10-16 14:29:10.000000', 'room:update', '2023-10-16 14:29:10.000000', '/room'),
       (26, '2023-10-16 14:29:10.000000', 'room:delete', '2023-10-16 14:29:10.000000', '/room'),
       (27, '2023-10-16 14:29:10.000000', 'room-type:create', '2023-10-16 14:29:10.000000', '/room-type'),
       (28, '2023-10-16 14:29:10.000000', 'room-type:read', '2023-10-16 14:29:10.000000', '/room-type'),
       (29, '2023-10-16 14:29:10.000000', 'room-type:update', '2023-10-16 14:29:10.000000', '/room-type'),
       (30, '2023-10-16 14:29:10.000000', 'room-type:delete', '2023-10-16 14:29:10.000000', '/room-type'),
       (31, '2023-10-16 14:29:10.000000', 'semester:create', '2023-10-16 14:29:10.000000', '/semester'),
       (32, '2023-10-16 14:29:10.000000', 'semester:read', '2023-10-16 14:29:10.000000', '/semester'),
       (33, '2023-10-16 14:29:10.000000', 'semester:update', '2023-10-16 14:29:10.000000', '/semester'),
       (34, '2023-10-16 14:29:10.000000', 'semester:delete', '2023-10-16 14:29:10.000000', '/semester'),
       (35, '2023-10-16 14:29:10.000000', 'student:create', '2023-10-16 14:29:10.000000', '/student'),
       (36, '2023-10-16 14:29:10.000000', 'student:read', '2023-10-16 14:29:10.000000', '/student'),
       (37, '2023-10-16 14:29:10.000000', 'student:update', '2023-10-16 14:29:10.000000', '/student'),
       (38, '2023-10-16 14:29:10.000000', 'student:delete', '2023-10-16 14:29:10.000000', '/student'),
       (39, '2023-10-16 14:29:10.000000', 'user:create', '2023-10-16 14:29:10.000000', '/user'),
       (40, '2023-10-16 14:29:10.000000', 'user:read', '2023-10-16 14:29:10.000000', '/user'),
       (41, '2023-10-16 14:29:10.000000', 'user:update', '2023-10-16 14:29:10.000000', '/user'),
       (42, '2023-10-16 14:29:10.000000', 'user:delete', '2023-10-16 14:29:10.000000', '/user'),
       (43, '2023-10-17 02:59:14.000000', 'penalty-ticket:create', '2023-10-17 02:59:14.000000', '/penalty-ticket'),
       (44, '2023-10-17 02:59:14.000000', 'penalty-ticket:read', '2023-10-17 02:59:14.000000', '/penalty-ticket'),
       (45, '2023-10-17 02:59:14.000000', 'penalty-ticket:update', '2023-10-17 02:59:14.000000', '/penalty-ticket'),
       (46, '2023-10-17 02:59:14.000000', 'penalty-ticket:delete', '2023-10-17 02:59:14.000000', '/penalty-ticket'),
       (47, '2023-10-17 16:49:08.000000', 'guard:create', '2023-10-17 16:49:08.000000', '/guard'),
       (48, '2023-10-17 16:49:08.000000', 'guard:read', '2023-10-17 16:49:08.000000', '/guard'),
       (49, '2023-10-17 16:49:08.000000', 'guard:update', '2023-10-17 16:49:08.000000', '/guard'),
       (50, '2023-10-17 16:49:08.000000', 'guard:delete', '2023-10-17 16:49:08.000000', '/guard'),
       (51, '2023-10-18 01:08:55.000000', 'building:create', '2023-10-18 01:08:55.000000', '/building'),
       (52, '2023-10-18 01:08:55.000000', 'building:read', '2023-10-18 01:08:55.000000', '/building'),
       (53, '2023-10-18 01:08:55.000000', 'building:update', '2023-10-18 01:08:55.000000', '/building'),
       (54, '2023-10-18 01:08:55.000000', 'building:delete', '2023-10-18 01:08:55.000000', '/building');
/*!40000 ALTER TABLE `feature` ENABLE KEYS */;
UNLOCK
TABLES;

--
-- Table structure for table `guard`
--

DROP TABLE IF EXISTS `guard`;
/*!40101 SET @saved_cs_client     = @@character_set_client */;
/*!50503 SET character_set_client = utf8mb4 */;
CREATE TABLE `guard`
(
    `guard_id`   bigint NOT NULL AUTO_INCREMENT,
    `created_at` datetime(6) DEFAULT NULL,
    `updated_at` datetime(6) DEFAULT NULL,
    `user_id`    bigint NOT NULL,
    PRIMARY KEY (`guard_id`),
    UNIQUE KEY `UK_ba18xfcy947lw9jwau3c6rk1a` (`user_id`),
    CONSTRAINT `FKqj1yw92acn37p8kxqp0g4gmih` FOREIGN KEY (`user_id`) REFERENCES `user` (`id`)
) ENGINE=InnoDB AUTO_INCREMENT=3 DEFAULT CHARSET=utf8mb4 COLLATE=utf8mb4_0900_ai_ci;
/*!40101 SET character_set_client = @saved_cs_client */;

--
-- Dumping data for table `guard`
--

LOCK
TABLES `guard` WRITE;
/*!40000 ALTER TABLE `guard` DISABLE KEYS */;
INSERT INTO `guard`
VALUES (1, '2023-10-16 00:31:08.000000', '2023-10-16 00:31:08.000000', 4),
       (2, '2023-10-16 00:31:08.000000', '2023-10-16 00:31:08.000000', 5);
/*!40000 ALTER TABLE `guard` ENABLE KEYS */;
UNLOCK
TABLES;

--
-- Table structure for table `guard_shift`
--

DROP TABLE IF EXISTS `guard_shift`;
/*!40101 SET @saved_cs_client     = @@character_set_client */;
/*!50503 SET character_set_client = utf8mb4 */;
CREATE TABLE `guard_shift`
(
    `guard_shift_id`       bigint NOT NULL AUTO_INCREMENT,
    `created_at`           datetime(6) DEFAULT NULL,
    `end_date_time`        datetime(6) DEFAULT NULL,
    `slot`                 int    DEFAULT NULL,
    `start_date_time`      datetime(6) DEFAULT NULL,
    `updated_at`           datetime(6) DEFAULT NULL,
    `building`             bigint DEFAULT NULL,
    `guard_id`             bigint DEFAULT NULL,
    `assign_by_manager_id` bigint DEFAULT NULL,
    PRIMARY KEY (`guard_shift_id`),
    KEY                    `FK23owyj9tii82s86hgoh6tqxhy` (`building`),
    KEY                    `FKiyq74gy7yxgwsl71e6lr718xt` (`guard_id`),
    KEY                    `FKgtxd6knd5j2r2fsxg1pcuqmxo` (`assign_by_manager_id`),
    CONSTRAINT `FK23owyj9tii82s86hgoh6tqxhy` FOREIGN KEY (`building`) REFERENCES `building` (`building_id`),
    CONSTRAINT `FKgtxd6knd5j2r2fsxg1pcuqmxo` FOREIGN KEY (`assign_by_manager_id`) REFERENCES `manager` (`manager_id`),
    CONSTRAINT `FKiyq74gy7yxgwsl71e6lr718xt` FOREIGN KEY (`guard_id`) REFERENCES `guard` (`guard_id`)
) ENGINE=InnoDB AUTO_INCREMENT=3 DEFAULT CHARSET=utf8mb4 COLLATE=utf8mb4_0900_ai_ci;
/*!40101 SET character_set_client = @saved_cs_client */;

--
-- Dumping data for table `guard_shift`
--

LOCK
TABLES `guard_shift` WRITE;
/*!40000 ALTER TABLE `guard_shift` DISABLE KEYS */;
INSERT INTO `guard_shift`
VALUES (1, '2023-10-16 00:31:08.000000', '2023-10-16 16:00:00.000000', 1, '2023-10-16 08:00:00.000000',
        '2023-10-16 00:31:08.000000', 1, 1, 1),
       (2, '2023-10-16 00:31:08.000000', '2023-10-17 16:00:00.000000', 1, '2023-10-17 08:00:00.000000',
        '2023-10-16 00:31:08.000000', 2, 2, 2);
/*!40000 ALTER TABLE `guard_shift` ENABLE KEYS */;
UNLOCK
TABLES;

--
-- Table structure for table `maintenance_report`
--

DROP TABLE IF EXISTS `maintenance_report`;
/*!40101 SET @saved_cs_client     = @@character_set_client */;
/*!50503 SET character_set_client = utf8mb4 */;
CREATE TABLE `maintenance_report`
(
    `maintenance_report_id` bigint NOT NULL AUTO_INCREMENT,
    `created_at`            datetime(6) DEFAULT NULL,
    `note`                  text,
    `status`                varchar(50) DEFAULT NULL,
    `updated_at`            datetime(6) DEFAULT NULL,
    `receive_by_manager_id` bigint      DEFAULT NULL,
    `room_id`               bigint      DEFAULT NULL,
    `created_by_student_id` bigint      DEFAULT NULL,
    PRIMARY KEY (`maintenance_report_id`),
    KEY                     `FKo16g9078dh78tsydvuehtirj6` (`receive_by_manager_id`),
    KEY                     `FKqmqakl4v5n54foe07cm9cea49` (`room_id`),
    KEY                     `FKio88r83dkal1wf5iinej4stll` (`created_by_student_id`),
    CONSTRAINT `FKio88r83dkal1wf5iinej4stll` FOREIGN KEY (`created_by_student_id`) REFERENCES `student` (`student_id`),
    CONSTRAINT `FKo16g9078dh78tsydvuehtirj6` FOREIGN KEY (`receive_by_manager_id`) REFERENCES `manager` (`manager_id`),
    CONSTRAINT `FKqmqakl4v5n54foe07cm9cea49` FOREIGN KEY (`room_id`) REFERENCES `room` (`room_id`)
) ENGINE=InnoDB AUTO_INCREMENT=3 DEFAULT CHARSET=utf8mb4 COLLATE=utf8mb4_0900_ai_ci;
/*!40101 SET character_set_client = @saved_cs_client */;

--
-- Dumping data for table `maintenance_report`
--

LOCK
TABLES `maintenance_report` WRITE;
/*!40000 ALTER TABLE `maintenance_report` DISABLE KEYS */;
INSERT INTO `maintenance_report`
VALUES (1, '2023-10-16 00:31:08.000000', 'Maintenance issue in Room 101', 'Pending', '2023-10-16 00:31:08.000000', 1, 1,
        1),
       (2, '2023-10-16 00:31:08.000000', 'Broken window in Room 201', 'Resolved', '2023-10-16 00:31:08.000000', 2, 2,
        2);
/*!40000 ALTER TABLE `maintenance_report` ENABLE KEYS */;
UNLOCK
TABLES;

--
-- Table structure for table `manager`
--

DROP TABLE IF EXISTS `manager`;
/*!40101 SET @saved_cs_client     = @@character_set_client */;
/*!50503 SET character_set_client = utf8mb4 */;
CREATE TABLE `manager`
(
    `manager_id`  bigint NOT NULL AUTO_INCREMENT,
    `created_at`  datetime(6) DEFAULT NULL,
    `description` varchar(200) DEFAULT NULL,
    `updated_at`  datetime(6) DEFAULT NULL,
    `user_id`     bigint       DEFAULT NULL,
    PRIMARY KEY (`manager_id`),
    UNIQUE KEY `UK_4vbgsjl6mcxrqyvts0hlilhob` (`user_id`),
    CONSTRAINT `FKlydl1hgqhi0ogywnwwfxh3bqe` FOREIGN KEY (`user_id`) REFERENCES `user` (`id`)
) ENGINE=InnoDB AUTO_INCREMENT=3 DEFAULT CHARSET=utf8mb4 COLLATE=utf8mb4_0900_ai_ci;
/*!40101 SET character_set_client = @saved_cs_client */;

--
-- Dumping data for table `manager`
--

LOCK
TABLES `manager` WRITE;
/*!40000 ALTER TABLE `manager` DISABLE KEYS */;
INSERT INTO `manager`
VALUES (1, '2023-10-16 00:31:08.000000', 'Manager 1', '2023-10-16 00:31:08.000000', 6),
       (2, '2023-10-16 00:31:08.000000', 'Manager 2', '2023-10-16 00:31:08.000000', 7);
/*!40000 ALTER TABLE `manager` ENABLE KEYS */;
UNLOCK
TABLES;

--
-- Table structure for table `news`
--

DROP TABLE IF EXISTS `news`;
/*!40101 SET @saved_cs_client     = @@character_set_client */;
/*!50503 SET character_set_client = utf8mb4 */;
CREATE TABLE `news`
(
    `news_id`    bigint NOT NULL AUTO_INCREMENT,
    `category`   varchar(50)  DEFAULT NULL,
    `content`    text,
    `created_at` datetime(6) DEFAULT NULL,
    `image`      text,
    `title`      varchar(255) DEFAULT NULL,
    `updated_at` datetime(6) DEFAULT NULL,
    `manager_id` bigint NOT NULL,
    PRIMARY KEY (`news_id`),
    KEY          `FKb3wmgkbeu1pqf74xk944s333h` (`manager_id`),
    CONSTRAINT `FKb3wmgkbeu1pqf74xk944s333h` FOREIGN KEY (`manager_id`) REFERENCES `manager` (`manager_id`)
) ENGINE=InnoDB AUTO_INCREMENT=3 DEFAULT CHARSET=utf8mb4 COLLATE=utf8mb4_0900_ai_ci;
/*!40101 SET character_set_client = @saved_cs_client */;

--
-- Dumping data for table `news`
--

LOCK
TABLES `news` WRITE;
/*!40000 ALTER TABLE `news` DISABLE KEYS */;
INSERT INTO `news`
VALUES (1, 'Announcement', 'Important announcement...', '2023-10-16 00:31:08.000000', NULL, 'News 1',
        '2023-10-16 00:31:08.000000', 1),
       (2, 'Event', 'Upcoming event details...', '2023-10-16 00:31:08.000000', NULL, 'News 2',
        '2023-10-16 00:31:08.000000', 2);
/*!40000 ALTER TABLE `news` ENABLE KEYS */;
UNLOCK
TABLES;

--
-- Table structure for table `payment`
--

DROP TABLE IF EXISTS `payment`;
/*!40101 SET @saved_cs_client     = @@character_set_client */;
/*!50503 SET character_set_client = utf8mb4 */;
CREATE TABLE `payment`
(
    `payment_id`            bigint NOT NULL AUTO_INCREMENT,
    `amount`                float        DEFAULT NULL,
    `created_at`            datetime(6) DEFAULT NULL,
    `status`                varchar(255) DEFAULT NULL,
    `updated_at`            datetime(6) DEFAULT NULL,
    `bed_request_id`        bigint NOT NULL,
    `checked_by_manager_id` bigint       DEFAULT NULL,
    `student_id`            bigint NOT NULL,
    `semester_id`           bigint NOT NULL,
    `expiration_date`       datetime(6) DEFAULT NULL,
    PRIMARY KEY (`payment_id`),
    UNIQUE KEY `UK_6jd4oa8467p4k5nedh6uxm0ey` (`bed_request_id`),
    KEY                     `FKlgi22d9smuknidkpy77grwvhr` (`checked_by_manager_id`),
    KEY                     `FKq0mpbhvyrwyggk1gwjams69wf` (`student_id`),
    KEY                     `FK1oxlvukl6v49sb2qgacdhf9jn` (`semester_id`),
    CONSTRAINT `FK1oxlvukl6v49sb2qgacdhf9jn` FOREIGN KEY (`semester_id`) REFERENCES `semester` (`semester_id`),
    CONSTRAINT `FKi5hitqdbcf7vxw7a242tjgays` FOREIGN KEY (`bed_request_id`) REFERENCES `bed_request` (`bed_request_id`),
    CONSTRAINT `FKlgi22d9smuknidkpy77grwvhr` FOREIGN KEY (`checked_by_manager_id`) REFERENCES `manager` (`manager_id`),
    CONSTRAINT `FKq0mpbhvyrwyggk1gwjams69wf` FOREIGN KEY (`student_id`) REFERENCES `student` (`student_id`)
) ENGINE=InnoDB AUTO_INCREMENT=3 DEFAULT CHARSET=utf8mb4 COLLATE=utf8mb4_0900_ai_ci;
/*!40101 SET character_set_client = @saved_cs_client */;

--
-- Dumping data for table `payment`
--

LOCK
TABLES `payment` WRITE;
/*!40000 ALTER TABLE `payment` DISABLE KEYS */;
INSERT INTO `payment`
VALUES (2, 4600000, '2023-10-31 01:33:17.329254', 'expired', '2023-10-31 01:56:03.289275', 2, NULL, 1, 2,
        '2023-10-31 01:48:17.329254');
/*!40000 ALTER TABLE `payment` ENABLE KEYS */;
UNLOCK
TABLES;

--
-- Table structure for table `penalty_ticket`
--

DROP TABLE IF EXISTS `penalty_ticket`;
/*!40101 SET @saved_cs_client     = @@character_set_client */;
/*!50503 SET character_set_client = utf8mb4 */;
CREATE TABLE `penalty_ticket`
(
    `penalty_ticket_id`   bigint NOT NULL AUTO_INCREMENT,
    `content`             text,
    `created_at`          datetime(6) DEFAULT NULL,
    `status`              varchar(255) DEFAULT NULL,
    `title`               varchar(255) DEFAULT NULL,
    `updated_at`          datetime(6) DEFAULT NULL,
    `created_by_guard_id` bigint NOT NULL,
    `student_id`          bigint NOT NULL,
    PRIMARY KEY (`penalty_ticket_id`),
    KEY                   `FK1ux9jtat8x5h0ojx9mrnhadeu` (`created_by_guard_id`),
    KEY                   `FK9u6fhq9uske5o1mt127nvu4d2` (`student_id`),
    CONSTRAINT `FK1ux9jtat8x5h0ojx9mrnhadeu` FOREIGN KEY (`created_by_guard_id`) REFERENCES `guard` (`guard_id`),
    CONSTRAINT `FK9u6fhq9uske5o1mt127nvu4d2` FOREIGN KEY (`student_id`) REFERENCES `student` (`student_id`)
) ENGINE=InnoDB DEFAULT CHARSET=utf8mb4 COLLATE=utf8mb4_0900_ai_ci;
/*!40101 SET character_set_client = @saved_cs_client */;

--
-- Dumping data for table `penalty_ticket`
--

LOCK
TABLES `penalty_ticket` WRITE;
/*!40000 ALTER TABLE `penalty_ticket` DISABLE KEYS */;
/*!40000 ALTER TABLE `penalty_ticket` ENABLE KEYS */;
UNLOCK
TABLES;

--
-- Table structure for table `request_application`
--

DROP TABLE IF EXISTS `request_application`;
/*!40101 SET @saved_cs_client     = @@character_set_client */;
/*!50503 SET character_set_client = utf8mb4 */;
CREATE TABLE `request_application`
(
    `request_application_id`      bigint NOT NULL AUTO_INCREMENT,
    `created_at`                  datetime(6) DEFAULT NULL,
    `request_content`             text,
    `status`                      varchar(255) DEFAULT NULL,
    `text_response`               text,
    `updated_at`                  datetime(6) DEFAULT NULL,
    `take_by_manager_id`          bigint       DEFAULT NULL,
    `request_application_type_id` bigint       DEFAULT NULL,
    `student_id`                  bigint       DEFAULT NULL,
    PRIMARY KEY (`request_application_id`),
    KEY                           `FKnybjnakovu6ouc27fdg4cxaqv` (`take_by_manager_id`),
    KEY                           `FK84sbiaiy31c7u8k4iw1vcuk9m` (`request_application_type_id`),
    KEY                           `FK47l9s3lnc3mapt1m9j93508uq` (`student_id`),
    CONSTRAINT `FK47l9s3lnc3mapt1m9j93508uq` FOREIGN KEY (`student_id`) REFERENCES `student` (`student_id`),
    CONSTRAINT `FK84sbiaiy31c7u8k4iw1vcuk9m` FOREIGN KEY (`request_application_type_id`) REFERENCES `request_application_type` (`request_application_type_id`),
    CONSTRAINT `FKnybjnakovu6ouc27fdg4cxaqv` FOREIGN KEY (`take_by_manager_id`) REFERENCES `manager` (`manager_id`)
) ENGINE=InnoDB AUTO_INCREMENT=3 DEFAULT CHARSET=utf8mb4 COLLATE=utf8mb4_0900_ai_ci;
/*!40101 SET character_set_client = @saved_cs_client */;

--
-- Dumping data for table `request_application`
--

LOCK
TABLES `request_application` WRITE;
/*!40000 ALTER TABLE `request_application` DISABLE KEYS */;
INSERT INTO `request_application`
VALUES (1, '2023-10-16 00:31:09.000000', 'Request for vacation leave', 'Pending', NULL, '2023-10-16 00:31:09.000000', 1,
        1, 1),
       (2, '2023-10-16 00:31:09.000000', 'Noise Complaint', 'Resolved', 'Resolved the noise issue',
        '2023-10-16 00:31:09.000000', 2, 2, 2);
/*!40000 ALTER TABLE `request_application` ENABLE KEYS */;
UNLOCK
TABLES;

--
-- Table structure for table `request_application_type`
--

DROP TABLE IF EXISTS `request_application_type`;
/*!40101 SET @saved_cs_client     = @@character_set_client */;
/*!50503 SET character_set_client = utf8mb4 */;
CREATE TABLE `request_application_type`
(
    `request_application_type_id`   bigint NOT NULL AUTO_INCREMENT,
    `created_at`                    datetime(6) DEFAULT NULL,
    `request_application_type_name` varchar(300) DEFAULT NULL,
    `updated_at`                    datetime(6) DEFAULT NULL,
    PRIMARY KEY (`request_application_type_id`)
) ENGINE=InnoDB AUTO_INCREMENT=3 DEFAULT CHARSET=utf8mb4 COLLATE=utf8mb4_0900_ai_ci;
/*!40101 SET character_set_client = @saved_cs_client */;

--
-- Dumping data for table `request_application_type`
--

LOCK
TABLES `request_application_type` WRITE;
/*!40000 ALTER TABLE `request_application_type` DISABLE KEYS */;
INSERT INTO `request_application_type`
VALUES (1, '2023-10-16 00:31:09.000000', 'Leave Request', '2023-10-16 00:31:09.000000'),
       (2, '2023-10-16 00:31:09.000000', 'Complaint', '2023-10-16 00:31:09.000000');
/*!40000 ALTER TABLE `request_application_type` ENABLE KEYS */;
UNLOCK
TABLES;

--
-- Table structure for table `role`
--

DROP TABLE IF EXISTS `role`;
/*!40101 SET @saved_cs_client     = @@character_set_client */;
/*!50503 SET character_set_client = utf8mb4 */;
CREATE TABLE `role`
(
    `role_id`     bigint NOT NULL AUTO_INCREMENT,
    `created_at`  datetime(6) DEFAULT NULL,
    `description` varchar(200) DEFAULT NULL,
    `role_name`   varchar(255) DEFAULT NULL,
    `updated_at`  datetime(6) DEFAULT NULL,
    PRIMARY KEY (`role_id`)
) ENGINE=InnoDB AUTO_INCREMENT=5 DEFAULT CHARSET=utf8mb4 COLLATE=utf8mb4_0900_ai_ci;
/*!40101 SET character_set_client = @saved_cs_client */;

--
-- Dumping data for table `role`
--

LOCK
TABLES `role` WRITE;
/*!40000 ALTER TABLE `role` DISABLE KEYS */;
INSERT INTO `role`
VALUES (1, '2023-10-16 00:31:08.000000', 'Admin role', 'ADMIN', '2023-10-16 00:31:08.000000'),
       (2, '2023-10-16 00:31:08.000000', 'Student role', 'STUDENT', '2023-10-16 00:31:08.000000'),
       (3, '2023-10-16 00:31:08.000000', 'Manager role', 'MANAGER', '2023-10-16 00:31:08.000000'),
       (4, '2023-10-16 00:31:08.000000', 'GUARD ROLE', 'GUARD', '2023-10-16 00:31:08.000000');
/*!40000 ALTER TABLE `role` ENABLE KEYS */;
UNLOCK
TABLES;

--
-- Table structure for table `role_feature`
--

DROP TABLE IF EXISTS `role_feature`;
/*!40101 SET @saved_cs_client     = @@character_set_client */;
/*!50503 SET character_set_client = utf8mb4 */;
CREATE TABLE `role_feature`
(
    `role_id`    bigint NOT NULL,
    `feature_id` bigint NOT NULL,
    KEY          `FK602jkws28uc62gtuyokf4ke07` (`feature_id`),
    KEY          `FKdvn8a8caf8ckyjtdl4rc3x0tb` (`role_id`),
    CONSTRAINT `FK602jkws28uc62gtuyokf4ke07` FOREIGN KEY (`feature_id`) REFERENCES `feature` (`feature_id`),
    CONSTRAINT `FKdvn8a8caf8ckyjtdl4rc3x0tb` FOREIGN KEY (`role_id`) REFERENCES `role` (`role_id`)
) ENGINE=InnoDB DEFAULT CHARSET=utf8mb4 COLLATE=utf8mb4_0900_ai_ci;
/*!40101 SET character_set_client = @saved_cs_client */;

--
-- Dumping data for table `role_feature`
--

LOCK
TABLES `role_feature` WRITE;
/*!40000 ALTER TABLE `role_feature` DISABLE KEYS */;
INSERT INTO `role_feature`
VALUES (1, 1),
       (1, 2),
       (1, 3),
       (1, 4),
       (1, 5),
       (1, 6),
       (1, 6),
       (1, 6),
       (1, 23),
       (1, 24),
       (1, 25),
       (1, 26),
       (1, 27),
       (1, 28),
       (1, 29),
       (1, 30),
       (1, 39),
       (1, 40),
       (1, 41),
       (1, 42),
       (2, 3),
       (2, 7),
       (2, 8),
       (2, 9),
       (2, 10),
       (2, 12),
       (2, 15),
       (2, 16),
       (2, 20),
       (2, 24),
       (2, 28),
       (2, 32),
       (2, 37),
       (2, 40),
       (3, 3),
       (3, 8),
       (3, 9),
       (3, 10),
       (3, 11),
       (3, 12),
       (3, 13),
       (3, 14),
       (3, 16),
       (3, 17),
       (3, 18),
       (3, 19),
       (3, 20),
       (3, 21),
       (3, 22),
       (3, 24),
       (3, 28),
       (3, 31),
       (3, 32),
       (3, 33),
       (3, 34),
       (3, 36),
       (3, 37),
       (3, 40),
       (3, 41),
       (4, 12),
       (4, 24),
       (4, 24),
       (4, 32),
       (4, 36),
       (4, 40),
       (4, 41),
       (2, 44),
       (4, 43),
       (4, 44),
       (4, 45),
       (4, 46),
       (4, 48),
       (2, 36),
       (1, 51),
       (1, 52),
       (1, 53),
       (1, 54),
       (2, 52),
       (2, 52),
       (2, 24),
       (2, 24),
       (3, 52);
/*!40000 ALTER TABLE `role_feature` ENABLE KEYS */;
UNLOCK
TABLES;

--
-- Table structure for table `room`
--

DROP TABLE IF EXISTS `room`;
/*!40101 SET @saved_cs_client     = @@character_set_client */;
/*!50503 SET character_set_client = utf8mb4 */;
CREATE TABLE `room`
(
    `room_id`      bigint NOT NULL AUTO_INCREMENT,
    `created_at`   datetime(6) DEFAULT NULL,
    `floor`        bigint      DEFAULT NULL,
    `room_name`    varchar(20) DEFAULT NULL,
    `updated_at`   datetime(6) DEFAULT NULL,
    `building_id`  bigint      DEFAULT NULL,
    `room_type_id` bigint      DEFAULT NULL,
    PRIMARY KEY (`room_id`),
    KEY            `FK4kmfw73x2vpfymk0ml875rh2q` (`building_id`),
    KEY            `FKd468eq7j1cbue8mk20qfrj5et` (`room_type_id`),
    CONSTRAINT `FK4kmfw73x2vpfymk0ml875rh2q` FOREIGN KEY (`building_id`) REFERENCES `building` (`building_id`),
    CONSTRAINT `FKd468eq7j1cbue8mk20qfrj5et` FOREIGN KEY (`room_type_id`) REFERENCES `room_type` (`room_type_id`)
) ENGINE=InnoDB AUTO_INCREMENT=176 DEFAULT CHARSET=utf8mb4 COLLATE=utf8mb4_0900_ai_ci;
/*!40101 SET character_set_client = @saved_cs_client */;

--
-- Dumping data for table `room`
--

LOCK
TABLES `room` WRITE;
/*!40000 ALTER TABLE `room` DISABLE KEYS */;
INSERT INTO `room`
VALUES (1, '2023-10-16 00:31:08.000000', 1, 'A101', '2023-10-16 00:31:08.000000', 1, 1),
       (2, '2023-10-16 00:31:08.000000', 2, 'A201', '2023-10-16 00:31:08.000000', 1, 3),
       (3, '2023-10-16 00:31:08.000000', 3, 'A301', '2023-10-16 00:31:08.000000', 1, 3),
       (4, '2023-10-16 00:31:08.000000', 4, 'A401', '2023-10-16 00:31:08.000000', 1, 3),
       (5, '2023-10-16 00:31:08.000000', 5, 'A501', '2023-10-16 00:31:08.000000', 1, 1),
       (6, '2023-10-16 00:31:08.000000', 1, 'B101', '2023-10-16 00:31:08.000000', 2, 3),
       (7, '2023-10-16 00:31:08.000000', 2, 'B201', '2023-10-16 00:31:08.000000', 2, 1),
       (8, '2023-10-16 00:31:08.000000', 3, 'B301', '2023-10-16 00:31:08.000000', 2, 3),
       (9, '2023-10-16 00:31:08.000000', 4, 'B401', '2023-10-16 00:31:08.000000', 2, 1),
       (10, '2023-10-16 00:31:08.000000', 5, 'B501', '2023-10-16 00:31:08.000000', 2, 3),
       (11, '2023-10-16 00:31:08.000000', 1, 'C101', '2023-10-16 00:31:08.000000', 3, 1),
       (12, '2023-10-16 00:31:08.000000', 2, 'C201', '2023-10-16 00:31:08.000000', 3, 3),
       (13, '2023-10-16 00:31:08.000000', 3, 'C301', '2023-10-16 00:31:08.000000', 3, 2),
       (14, '2023-10-16 00:31:08.000000', 4, 'C401', '2023-10-16 00:31:08.000000', 3, 1),
       (15, '2023-10-16 00:31:08.000000', 5, 'C501', '2023-10-16 00:31:08.000000', 3, 1),
       (16, '2023-10-16 00:31:08.000000', 1, 'D101', '2023-10-16 00:31:08.000000', 4, 2),
       (17, '2023-10-16 00:31:08.000000', 2, 'D201', '2023-10-16 00:31:08.000000', 4, 1),
       (18, '2023-10-16 00:31:08.000000', 3, 'D301', '2023-10-16 00:31:08.000000', 4, 3),
       (19, '2023-10-16 00:31:08.000000', 4, 'D401', '2023-10-16 00:31:08.000000', 4, 2),
       (20, '2023-10-16 00:31:08.000000', 5, 'D501', '2023-10-16 00:31:08.000000', 4, 2),
       (21, '2023-10-16 00:31:08.000000', 1, 'E101', '2023-10-16 00:31:08.000000', 5, 1),
       (22, '2023-10-16 00:31:08.000000', 2, 'E201', '2023-10-16 00:31:08.000000', 5, 3),
       (23, '2023-10-16 00:31:08.000000', 3, 'E301', '2023-10-16 00:31:08.000000', 5, 2),
       (24, '2023-10-16 00:31:08.000000', 4, 'E401', '2023-10-16 00:31:08.000000', 5, 2),
       (25, '2023-10-16 00:31:08.000000', 5, 'E501', '2023-10-16 00:31:08.000000', 5, 1),
       (26, '2023-10-16 00:31:08.000000', 1, 'F101', '2023-10-16 00:31:08.000000', 6, 2),
       (27, '2023-10-16 00:31:08.000000', 2, 'F201', '2023-10-16 00:31:08.000000', 6, 3),
       (28, '2023-10-16 00:31:08.000000', 3, 'F301', '2023-10-16 00:31:08.000000', 6, 3),
       (29, '2023-10-16 00:31:08.000000', 4, 'F401', '2023-10-16 00:31:08.000000', 6, 1),
       (30, '2023-10-16 00:31:08.000000', 5, 'F501', '2023-10-16 00:31:08.000000', 6, 1),
       (31, '2023-10-16 00:31:08.000000', 1, 'G101', '2023-10-16 00:31:08.000000', 7, 3),
       (32, '2023-10-16 00:31:08.000000', 2, 'G201', '2023-10-16 00:31:08.000000', 7, 2),
       (33, '2023-10-16 00:31:08.000000', 3, 'G301', '2023-10-16 00:31:08.000000', 7, 3),
       (34, '2023-10-16 00:31:08.000000', 4, 'G401', '2023-10-16 00:31:08.000000', 7, 3),
       (35, '2023-10-16 00:31:08.000000', 5, 'G501', '2023-10-16 00:31:08.000000', 7, 1),
       (36, '2023-10-16 00:31:08.000000', 1, 'A102', '2023-10-16 00:31:08.000000', 1, 2),
       (37, '2023-10-16 00:31:08.000000', 2, 'A202', '2023-10-16 00:31:08.000000', 1, 1),
       (38, '2023-10-16 00:31:08.000000', 3, 'A302', '2023-10-16 00:31:08.000000', 1, 2),
       (39, '2023-10-16 00:31:08.000000', 4, 'A402', '2023-10-16 00:31:08.000000', 1, 1),
       (40, '2023-10-16 00:31:08.000000', 5, 'A502', '2023-10-16 00:31:08.000000', 1, 2),
       (41, '2023-10-16 00:31:08.000000', 1, 'B102', '2023-10-16 00:31:08.000000', 2, 2),
       (42, '2023-10-16 00:31:08.000000', 2, 'B202', '2023-10-16 00:31:08.000000', 2, 3),
       (43, '2023-10-16 00:31:08.000000', 3, 'B302', '2023-10-16 00:31:08.000000', 2, 1),
       (44, '2023-10-16 00:31:08.000000', 4, 'B402', '2023-10-16 00:31:08.000000', 2, 2),
       (45, '2023-10-16 00:31:08.000000', 5, 'B502', '2023-10-16 00:31:08.000000', 2, 1),
       (46, '2023-10-16 00:31:08.000000', 1, 'C102', '2023-10-16 00:31:08.000000', 3, 3),
       (47, '2023-10-16 00:31:08.000000', 2, 'C202', '2023-10-16 00:31:08.000000', 3, 2),
       (48, '2023-10-16 00:31:08.000000', 3, 'C302', '2023-10-16 00:31:08.000000', 3, 3),
       (49, '2023-10-16 00:31:08.000000', 4, 'C402', '2023-10-16 00:31:08.000000', 3, 1),
       (50, '2023-10-16 00:31:08.000000', 5, 'C502', '2023-10-16 00:31:08.000000', 3, 2),
       (51, '2023-10-16 00:31:08.000000', 1, 'D102', '2023-10-16 00:31:08.000000', 4, 3),
       (52, '2023-10-16 00:31:08.000000', 2, 'D202', '2023-10-16 00:31:08.000000', 4, 2),
       (53, '2023-10-16 00:31:08.000000', 3, 'D302', '2023-10-16 00:31:08.000000', 4, 2),
       (54, '2023-10-16 00:31:08.000000', 4, 'D402', '2023-10-16 00:31:08.000000', 4, 2),
       (55, '2023-10-16 00:31:08.000000', 5, 'D502', '2023-10-16 00:31:08.000000', 4, 3),
       (56, '2023-10-16 00:31:08.000000', 1, 'E102', '2023-10-16 00:31:08.000000', 5, 2),
       (57, '2023-10-16 00:31:08.000000', 2, 'E202', '2023-10-16 00:31:08.000000', 5, 2),
       (58, '2023-10-16 00:31:08.000000', 3, 'E302', '2023-10-16 00:31:08.000000', 5, 1),
       (59, '2023-10-16 00:31:08.000000', 4, 'E402', '2023-10-16 00:31:08.000000', 5, 3),
       (60, '2023-10-16 00:31:08.000000', 5, 'E502', '2023-10-16 00:31:08.000000', 5, 3),
       (61, '2023-10-16 00:31:08.000000', 1, 'F102', '2023-10-16 00:31:08.000000', 6, 1),
       (62, '2023-10-16 00:31:08.000000', 2, 'F202', '2023-10-16 00:31:08.000000', 6, 2),
       (63, '2023-10-16 00:31:08.000000', 3, 'F302', '2023-10-16 00:31:08.000000', 6, 3),
       (64, '2023-10-16 00:31:08.000000', 4, 'F402', '2023-10-16 00:31:08.000000', 6, 1),
       (65, '2023-10-16 00:31:08.000000', 5, 'F502', '2023-10-16 00:31:08.000000', 6, 1),
       (66, '2023-10-16 00:31:08.000000', 1, 'G102', '2023-10-16 00:31:08.000000', 7, 3),
       (67, '2023-10-16 00:31:08.000000', 2, 'G202', '2023-10-16 00:31:08.000000', 7, 1),
       (68, '2023-10-16 00:31:08.000000', 3, 'G302', '2023-10-16 00:31:08.000000', 7, 1),
       (69, '2023-10-16 00:31:08.000000', 4, 'G402', '2023-10-16 00:31:08.000000', 7, 3),
       (70, '2023-10-16 00:31:08.000000', 5, 'G502', '2023-10-16 00:31:08.000000', 7, 3),
       (71, '2023-10-16 00:31:08.000000', 1, 'A103', '2023-10-16 00:31:08.000000', 1, 1),
       (72, '2023-10-16 00:31:08.000000', 2, 'A203', '2023-10-16 00:31:08.000000', 1, 2),
       (73, '2023-10-16 00:31:08.000000', 3, 'A303', '2023-10-16 00:31:08.000000', 1, 1),
       (74, '2023-10-16 00:31:08.000000', 4, 'A403', '2023-10-16 00:31:08.000000', 1, 2),
       (75, '2023-10-16 00:31:08.000000', 5, 'A503', '2023-10-16 00:31:08.000000', 1, 3),
       (76, '2023-10-16 00:31:08.000000', 1, 'B103', '2023-10-16 00:31:08.000000', 2, 2),
       (77, '2023-10-16 00:31:08.000000', 2, 'B203', '2023-10-16 00:31:08.000000', 2, 3),
       (78, '2023-10-16 00:31:08.000000', 3, 'B303', '2023-10-16 00:31:08.000000', 2, 3),
       (79, '2023-10-16 00:31:08.000000', 4, 'B403', '2023-10-16 00:31:08.000000', 2, 1),
       (80, '2023-10-16 00:31:08.000000', 5, 'B503', '2023-10-16 00:31:08.000000', 2, 3),
       (81, '2023-10-16 00:31:08.000000', 1, 'C103', '2023-10-16 00:31:08.000000', 3, 2),
       (82, '2023-10-16 00:31:08.000000', 2, 'C203', '2023-10-16 00:31:08.000000', 3, 1),
       (83, '2023-10-16 00:31:08.000000', 3, 'C303', '2023-10-16 00:31:08.000000', 3, 1),
       (84, '2023-10-16 00:31:08.000000', 4, 'C403', '2023-10-16 00:31:08.000000', 3, 2),
       (85, '2023-10-16 00:31:08.000000', 5, 'C503', '2023-10-16 00:31:08.000000', 3, 1),
       (86, '2023-10-16 00:31:08.000000', 1, 'D103', '2023-10-16 00:31:08.000000', 4, 1),
       (87, '2023-10-16 00:31:08.000000', 2, 'D203', '2023-10-16 00:31:08.000000', 4, 3),
       (88, '2023-10-16 00:31:08.000000', 3, 'D303', '2023-10-16 00:31:08.000000', 4, 3),
       (89, '2023-10-16 00:31:08.000000', 4, 'D403', '2023-10-16 00:31:08.000000', 4, 2),
       (90, '2023-10-16 00:31:08.000000', 5, 'D503', '2023-10-16 00:31:08.000000', 4, 1),
       (91, '2023-10-16 00:31:08.000000', 1, 'E103', '2023-10-16 00:31:08.000000', 5, 3),
       (92, '2023-10-16 00:31:08.000000', 2, 'E203', '2023-10-16 00:31:08.000000', 5, 3),
       (93, '2023-10-16 00:31:08.000000', 3, 'E303', '2023-10-16 00:31:08.000000', 5, 1),
       (94, '2023-10-16 00:31:08.000000', 4, 'E403', '2023-10-16 00:31:08.000000', 5, 1),
       (95, '2023-10-16 00:31:08.000000', 5, 'E503', '2023-10-16 00:31:08.000000', 5, 3),
       (96, '2023-10-16 00:31:08.000000', 1, 'F103', '2023-10-16 00:31:08.000000', 6, 2),
       (97, '2023-10-16 00:31:08.000000', 2, 'F203', '2023-10-16 00:31:08.000000', 6, 1),
       (98, '2023-10-16 00:31:08.000000', 3, 'F303', '2023-10-16 00:31:08.000000', 6, 3),
       (99, '2023-10-16 00:31:08.000000', 4, 'F403', '2023-10-16 00:31:08.000000', 6, 3),
       (100, '2023-10-16 00:31:08.000000', 5, 'F503', '2023-10-16 00:31:08.000000', 6, 2),
       (101, '2023-10-16 00:31:08.000000', 1, 'G103', '2023-10-16 00:31:08.000000', 7, 2),
       (102, '2023-10-16 00:31:08.000000', 2, 'G203', '2023-10-16 00:31:08.000000', 7, 1),
       (103, '2023-10-16 00:31:08.000000', 3, 'G303', '2023-10-16 00:31:08.000000', 7, 1),
       (104, '2023-10-16 00:31:08.000000', 4, 'G403', '2023-10-16 00:31:08.000000', 7, 3),
       (105, '2023-10-16 00:31:08.000000', 5, 'G503', '2023-10-16 00:31:08.000000', 7, 3),
       (106, '2023-10-16 00:31:08.000000', 1, 'A104', '2023-10-16 00:31:08.000000', 1, 3),
       (107, '2023-10-16 00:31:08.000000', 2, 'A204', '2023-10-16 00:31:08.000000', 1, 1),
       (108, '2023-10-16 00:31:08.000000', 3, 'A304', '2023-10-16 00:31:08.000000', 1, 3),
       (109, '2023-10-16 00:31:08.000000', 4, 'A404', '2023-10-16 00:31:08.000000', 1, 3),
       (110, '2023-10-16 00:31:08.000000', 5, 'A504', '2023-10-16 00:31:08.000000', 1, 2),
       (111, '2023-10-16 00:31:08.000000', 1, 'B104', '2023-10-16 00:31:08.000000', 2, 1),
       (112, '2023-10-16 00:31:08.000000', 2, 'B204', '2023-10-16 00:31:08.000000', 2, 1),
       (113, '2023-10-16 00:31:08.000000', 3, 'B304', '2023-10-16 00:31:08.000000', 2, 3),
       (114, '2023-10-16 00:31:08.000000', 4, 'B404', '2023-10-16 00:31:08.000000', 2, 2),
       (115, '2023-10-16 00:31:08.000000', 5, 'B504', '2023-10-16 00:31:08.000000', 2, 2),
       (116, '2023-10-16 00:31:08.000000', 1, 'C104', '2023-10-16 00:31:08.000000', 3, 3),
       (117, '2023-10-16 00:31:08.000000', 2, 'C204', '2023-10-16 00:31:08.000000', 3, 1),
       (118, '2023-10-16 00:31:08.000000', 3, 'C304', '2023-10-16 00:31:08.000000', 3, 1),
       (119, '2023-10-16 00:31:08.000000', 4, 'C404', '2023-10-16 00:31:08.000000', 3, 1),
       (120, '2023-10-16 00:31:08.000000', 5, 'C504', '2023-10-16 00:31:08.000000', 3, 1),
       (121, '2023-10-16 00:31:08.000000', 1, 'D104', '2023-10-16 00:31:08.000000', 4, 2),
       (122, '2023-10-16 00:31:08.000000', 2, 'D204', '2023-10-16 00:31:08.000000', 4, 1),
       (123, '2023-10-16 00:31:08.000000', 3, 'D304', '2023-10-16 00:31:08.000000', 4, 2),
       (124, '2023-10-16 00:31:08.000000', 4, 'D404', '2023-10-16 00:31:08.000000', 4, 3),
       (125, '2023-10-16 00:31:08.000000', 5, 'D504', '2023-10-16 00:31:08.000000', 4, 2),
       (126, '2023-10-16 00:31:08.000000', 1, 'E104', '2023-10-16 00:31:08.000000', 5, 3),
       (127, '2023-10-16 00:31:08.000000', 2, 'E204', '2023-10-16 00:31:08.000000', 5, 2),
       (128, '2023-10-16 00:31:08.000000', 3, 'E304', '2023-10-16 00:31:08.000000', 5, 3),
       (129, '2023-10-16 00:31:08.000000', 4, 'E404', '2023-10-16 00:31:08.000000', 5, 1),
       (130, '2023-10-16 00:31:08.000000', 5, 'E504', '2023-10-16 00:31:08.000000', 5, 3),
       (131, '2023-10-16 00:31:08.000000', 1, 'F104', '2023-10-16 00:31:08.000000', 6, 1),
       (132, '2023-10-16 00:31:08.000000', 2, 'F204', '2023-10-16 00:31:08.000000', 6, 2),
       (133, '2023-10-16 00:31:08.000000', 3, 'F304', '2023-10-16 00:31:08.000000', 6, 3),
       (134, '2023-10-16 00:31:08.000000', 4, 'F404', '2023-10-16 00:31:08.000000', 6, 3),
       (135, '2023-10-16 00:31:08.000000', 5, 'F504', '2023-10-16 00:31:08.000000', 6, 2),
       (136, '2023-10-16 00:31:08.000000', 1, 'G104', '2023-10-16 00:31:08.000000', 7, 1),
       (137, '2023-10-16 00:31:08.000000', 2, 'G204', '2023-10-16 00:31:08.000000', 7, 2),
       (138, '2023-10-16 00:31:08.000000', 3, 'G304', '2023-10-16 00:31:08.000000', 7, 3),
       (139, '2023-10-16 00:31:08.000000', 4, 'G404', '2023-10-16 00:31:08.000000', 7, 3),
       (140, '2023-10-16 00:31:08.000000', 5, 'G504', '2023-10-16 00:31:08.000000', 7, 2),
       (141, '2023-10-16 00:31:08.000000', 1, 'A105', '2023-10-16 00:31:08.000000', 1, 3),
       (142, '2023-10-16 00:31:08.000000', 2, 'A205', '2023-10-16 00:31:08.000000', 1, 2),
       (143, '2023-10-16 00:31:08.000000', 3, 'A305', '2023-10-16 00:31:08.000000', 1, 2),
       (144, '2023-10-16 00:31:08.000000', 4, 'A405', '2023-10-16 00:31:08.000000', 1, 1),
       (145, '2023-10-16 00:31:08.000000', 5, 'A505', '2023-10-16 00:31:08.000000', 1, 2),
       (146, '2023-10-16 00:31:08.000000', 1, 'B105', '2023-10-16 00:31:08.000000', 2, 3),
       (147, '2023-10-16 00:31:08.000000', 2, 'B205', '2023-10-16 00:31:08.000000', 2, 1),
       (148, '2023-10-16 00:31:08.000000', 3, 'B305', '2023-10-16 00:31:08.000000', 2, 2),
       (149, '2023-10-16 00:31:08.000000', 4, 'B405', '2023-10-16 00:31:08.000000', 2, 1),
       (150, '2023-10-16 00:31:08.000000', 5, 'B505', '2023-10-16 00:31:08.000000', 2, 2),
       (151, '2023-10-16 00:31:08.000000', 1, 'C105', '2023-10-16 00:31:08.000000', 3, 2),
       (152, '2023-10-16 00:31:08.000000', 2, 'C205', '2023-10-16 00:31:08.000000', 3, 2),
       (153, '2023-10-16 00:31:08.000000', 3, 'C305', '2023-10-16 00:31:08.000000', 3, 1),
       (154, '2023-10-16 00:31:08.000000', 4, 'C405', '2023-10-16 00:31:08.000000', 3, 3),
       (155, '2023-10-16 00:31:08.000000', 5, 'C505', '2023-10-16 00:31:08.000000', 3, 1),
       (156, '2023-10-16 00:31:08.000000', 1, 'D105', '2023-10-16 00:31:08.000000', 4, 2),
       (157, '2023-10-16 00:31:08.000000', 2, 'D205', '2023-10-16 00:31:08.000000', 4, 3),
       (158, '2023-10-16 00:31:08.000000', 3, 'D305', '2023-10-16 00:31:08.000000', 4, 2),
       (159, '2023-10-16 00:31:08.000000', 4, 'D405', '2023-10-16 00:31:08.000000', 4, 3),
       (160, '2023-10-16 00:31:08.000000', 5, 'D505', '2023-10-16 00:31:08.000000', 4, 1),
       (161, '2023-10-16 00:31:08.000000', 1, 'E105', '2023-10-16 00:31:08.000000', 5, 3),
       (162, '2023-10-16 00:31:08.000000', 2, 'E205', '2023-10-16 00:31:08.000000', 5, 2),
       (163, '2023-10-16 00:31:08.000000', 3, 'E305', '2023-10-16 00:31:08.000000', 5, 2),
       (164, '2023-10-16 00:31:08.000000', 4, 'E405', '2023-10-16 00:31:08.000000', 5, 3),
       (165, '2023-10-16 00:31:08.000000', 5, 'E505', '2023-10-16 00:31:08.000000', 5, 3),
       (166, '2023-10-16 00:31:08.000000', 1, 'F105', '2023-10-16 00:31:08.000000', 6, 2),
       (167, '2023-10-16 00:31:08.000000', 2, 'F205', '2023-10-16 00:31:08.000000', 6, 1),
       (168, '2023-10-16 00:31:08.000000', 3, 'F305', '2023-10-16 00:31:08.000000', 6, 1),
       (169, '2023-10-16 00:31:08.000000', 4, 'F405', '2023-10-16 00:31:08.000000', 6, 1),
       (170, '2023-10-16 00:31:08.000000', 5, 'F505', '2023-10-16 00:31:08.000000', 6, 3),
       (171, '2023-10-16 00:31:08.000000', 1, 'G105', '2023-10-16 00:31:08.000000', 7, 3),
       (172, '2023-10-16 00:31:08.000000', 2, 'G205', '2023-10-16 00:31:08.000000', 7, 2),
       (173, '2023-10-16 00:31:08.000000', 3, 'G305', '2023-10-16 00:31:08.000000', 7, 1),
       (174, '2023-10-16 00:31:08.000000', 4, 'G405', '2023-10-16 00:31:08.000000', 7, 1),
       (175, '2023-10-16 00:31:08.000000', 5, 'G505', '2023-10-16 00:31:08.000000', 7, 2);
/*!40000 ALTER TABLE `room` ENABLE KEYS */;
UNLOCK
TABLES;

--
-- Table structure for table `room_type`
--

DROP TABLE IF EXISTS `room_type`;
/*!40101 SET @saved_cs_client     = @@character_set_client */;
/*!50503 SET character_set_client = utf8mb4 */;
CREATE TABLE `room_type`
(
    `room_type_id`          bigint NOT NULL AUTO_INCREMENT,
    `created_at`            datetime(6) DEFAULT NULL,
    `room_type_description` varchar(255) DEFAULT NULL,
    `room_type_name`        varchar(20)  DEFAULT NULL,
    `updated_at`            datetime(6) DEFAULT NULL,
    `number_of_beds`        int          DEFAULT NULL,
    `price`                 float        DEFAULT NULL,
    PRIMARY KEY (`room_type_id`)
) ENGINE=InnoDB AUTO_INCREMENT=4 DEFAULT CHARSET=utf8mb4 COLLATE=utf8mb4_0900_ai_ci;
/*!40101 SET character_set_client = @saved_cs_client */;

--
-- Dumping data for table `room_type`
--

LOCK
TABLES `room_type` WRITE;
/*!40000 ALTER TABLE `room_type` DISABLE KEYS */;
INSERT INTO `room_type`
VALUES (1, '2023-10-16 00:31:08.000000', '3 beds per room', '3 Beds', '2023-10-16 00:31:08.000000', 3, 4600000),
       (2, '2023-10-16 00:31:08.000000', '4 beds per room', '4 Beds', '2023-10-16 00:31:08.000000', 4, 4200000),
       (3, '2023-10-16 00:31:08.000000', '6 beds per room', '6 Beds', '2023-10-16 00:31:08.000000', 6, 3400000);
/*!40000 ALTER TABLE `room_type` ENABLE KEYS */;
UNLOCK
TABLES;

--
-- Table structure for table `semester`
--

DROP TABLE IF EXISTS `semester`;
/*!40101 SET @saved_cs_client     = @@character_set_client */;
/*!50503 SET character_set_client = utf8mb4 */;
CREATE TABLE `semester`
(
    `semester_id`   bigint NOT NULL AUTO_INCREMENT,
    `created_at`    datetime(6) DEFAULT NULL,
    `end_date`      date         DEFAULT NULL,
    `semester_name` varchar(255) DEFAULT NULL,
    `start_date`    date         DEFAULT NULL,
    `updated_at`    datetime(6) DEFAULT NULL,
    PRIMARY KEY (`semester_id`)
) ENGINE=InnoDB AUTO_INCREMENT=3 DEFAULT CHARSET=utf8mb4 COLLATE=utf8mb4_0900_ai_ci;
/*!40101 SET character_set_client = @saved_cs_client */;

--
-- Dumping data for table `semester`
--

LOCK
TABLES `semester` WRITE;
/*!40000 ALTER TABLE `semester` DISABLE KEYS */;
INSERT INTO `semester`
VALUES (1, '2023-10-16 00:31:08.000000', '2023-12-31', 'Fall 2023', '2023-09-01', '2023-10-16 00:31:08.000000'),
       (2, '2023-10-16 00:31:08.000000', '2024-05-31', 'Spring 2024', '2024-01-01', '2023-10-16 00:31:08.000000');
/*!40000 ALTER TABLE `semester` ENABLE KEYS */;
UNLOCK
TABLES;

--
-- Table structure for table `student`
--

DROP TABLE IF EXISTS `student`;
/*!40101 SET @saved_cs_client     = @@character_set_client */;
/*!50503 SET character_set_client = utf8mb4 */;
CREATE TABLE `student`
(
    `student_id`  bigint       NOT NULL AUTO_INCREMENT,
    `created_at`  datetime(6) DEFAULT NULL,
    `description` varchar(200) DEFAULT NULL,
    `parent_name` varchar(100) NOT NULL,
    `roll_number` varchar(8)   DEFAULT NULL,
    `updated_at`  datetime(6) DEFAULT NULL,
    `user_id`     bigint       NOT NULL,
    PRIMARY KEY (`student_id`),
    UNIQUE KEY `UK_bkix9btnoi1n917ll7bplkvg5` (`user_id`),
    UNIQUE KEY `UK_o1g1spw0ecyidv94ka2dk88wf` (`roll_number`),
    CONSTRAINT `FKl0k3f11t4o6e28f8aw8bkd31s` FOREIGN KEY (`user_id`) REFERENCES `user` (`id`)
) ENGINE=InnoDB AUTO_INCREMENT=3 DEFAULT CHARSET=utf8mb4 COLLATE=utf8mb4_0900_ai_ci;
/*!40101 SET character_set_client = @saved_cs_client */;

--
-- Dumping data for table `student`
--

LOCK
TABLES `student` WRITE;
/*!40000 ALTER TABLE `student` DISABLE KEYS */;
INSERT INTO `student`
VALUES (1, '2023-10-16 00:31:08.000000', NULL, 'V nh Vn', 'HE172863', '2023-10-16 00:31:08.000000', 2),
       (2, '2023-10-16 00:31:08.000000', NULL, 'H Th Huyn', 'HE173334', '2023-10-16 00:31:08.000000', 3);
/*!40000 ALTER TABLE `student` ENABLE KEYS */;
UNLOCK
TABLES;

--
-- Table structure for table `token`
--

DROP TABLE IF EXISTS `token`;
/*!40101 SET @saved_cs_client     = @@character_set_client */;
/*!50503 SET character_set_client = utf8mb4 */;
CREATE TABLE `token`
(
    `id`         int    NOT NULL AUTO_INCREMENT,
    `expired`    bit(1) NOT NULL,
    `revoked`    bit(1) NOT NULL,
    `token`      varchar(255) DEFAULT NULL,
    `token_type` enum('BEARER') DEFAULT NULL,
    `user_id`    bigint       DEFAULT NULL,
    PRIMARY KEY (`id`),
    UNIQUE KEY `UK_pddrhgwxnms2aceeku9s2ewy5` (`token`),
    KEY          `FKl10xjn274m2rkxo54knt2xqvy` (`user_id`),
    CONSTRAINT `FKl10xjn274m2rkxo54knt2xqvy` FOREIGN KEY (`user_id`) REFERENCES `user` (`id`)
) ENGINE=InnoDB AUTO_INCREMENT=215 DEFAULT CHARSET=utf8mb4 COLLATE=utf8mb4_0900_ai_ci;
/*!40101 SET character_set_client = @saved_cs_client */;

--
-- Dumping data for table `token`
--

LOCK
TABLES `token` WRITE;
/*!40000 ALTER TABLE `token` DISABLE KEYS */;
INSERT INTO `token`
VALUES (181, _binary '\0', _binary '\0',
        'eyJhbGciOiJIUzI1NiJ9.eyJzdWIiOiJndWFyZDEiLCJpYXQiOjE2OTg2Mjg0NTcsImV4cCI6MTY5OTIzMzI1N30.HZUKZPzuHL-6t0HSfz2IsK0LbCICO8CX2oTjBR4-P4c',
        'BEARER', 4),
       (183, _binary '\0', _binary '\0',
        'eyJhbGciOiJIUzI1NiJ9.eyJzdWIiOiJhZG1pbiIsImlhdCI6MTY5ODYyOTM2OSwiZXhwIjoxNjk5MjM0MTY5fQ.rjdLAr1CKZ28-fIKGtJA8XCIaTfZIo-NV5Mjzw3-6tg',
        'BEARER', 1),
       (211, _binary '\0', _binary '\0',
        'eyJhbGciOiJIUzI1NiJ9.eyJzdWIiOiJzdHVkZW50MSIsImlhdCI6MTY5ODY5MDcyMiwiZXhwIjoxNjk5Mjk1NTIyfQ.iA5HFzlLEJJMyrpJBNwGvOBcnYr9zB3TXkTVIOghp08',
        'BEARER', 2),
       (214, _binary '\0', _binary '\0',
        'eyJhbGciOiJIUzI1NiJ9.eyJzdWIiOiJtYW5hZ2VyMSIsImlhdCI6MTY5ODY5MjA5OCwiZXhwIjoxNjk5Mjk2ODk4fQ.z3zXkOVYALqdBZHGCeWKWr9XMcABeAnO9pPGCPM0py8',
        'BEARER', 6);
/*!40000 ALTER TABLE `token` ENABLE KEYS */;
UNLOCK
TABLES;

--
-- Table structure for table `user`
--

DROP TABLE IF EXISTS `user`;
/*!40101 SET @saved_cs_client     = @@character_set_client */;
/*!50503 SET character_set_client = utf8mb4 */;
CREATE TABLE `user`
(
    `id`            bigint       NOT NULL AUTO_INCREMENT,
    `address`       varchar(100) DEFAULT NULL,
    `avatar_image`  varchar(300) DEFAULT NULL,
    `created_at`    datetime(6) DEFAULT NULL,
    `date_of_birth` date         DEFAULT NULL,
    `email`         varchar(100) DEFAULT NULL,
    `full_name`     varchar(100) DEFAULT NULL,
    `gender`        varchar(20)  DEFAULT NULL,
    `password`      varchar(255) NOT NULL,
    `phone`         varchar(20)  DEFAULT NULL,
    `status`        varchar(50)  DEFAULT NULL,
    `updated_at`    datetime(6) DEFAULT NULL,
    `username`      varchar(20)  NOT NULL,
    `role_id`       bigint       DEFAULT NULL,
    PRIMARY KEY (`id`),
    UNIQUE KEY `UK_sb8bbouer5wak8vyiiy4pf2bx` (`username`),
    KEY             `FKcg8vm2yga4tm8kvsid9aqkt55` (`role_id`),
    CONSTRAINT `FKcg8vm2yga4tm8kvsid9aqkt55` FOREIGN KEY (`role_id`) REFERENCES `role` (`role_id`)
) ENGINE=InnoDB AUTO_INCREMENT=11 DEFAULT CHARSET=utf8mb4 COLLATE=utf8mb4_0900_ai_ci;
/*!40101 SET character_set_client = @saved_cs_client */;

--
-- Dumping data for table `user`
--

LOCK
TABLES `user` WRITE;
/*!40000 ALTER TABLE `user` DISABLE KEYS */;
INSERT INTO `user`
VALUES (1, NULL, NULL, '2023-10-16 00:31:08.000000', NULL, 'haikn2@fpt.com', 'HaiKN', NULL,
        '$2a$12$L/ynEoPnjQNVuEWiPWUM...0/UlzshzMfIQETRe5p1FGHBWIQZlE.', NULL, 'active', '2023-10-17 22:00:01.280000',
        'admin', 1),
       (2, 'S nh 15B-303 khu tp th nhit in Ph Li - TP CH Linh - Hi Dng', NULL,
        '2023-10-16 00:31:08.000000', '2003-08-10', 'longvhhe172863@fpt.edu.vn', 'V Hong Long', NULL,
        '$2a$12$L/ynEoPnjQNVuEWiPWUM...0/UlzshzMfIQETRe5p1FGHBWIQZlE.', '0123456789', 'active',
        '2023-10-17 09:53:43.360000', 'student1', 2),
       (3, 'Xm 5 - x Tng Thnh - Huyn Yn Thnh - Tnh Ngh An', NULL, '2023-10-16 00:31:08.000000', '2003-03-15',
        'tuanvmhe173334@fpt.edu.vn', 'Vn Minh Tun', NULL,
        '$2a$12$L/ynEoPnjQNVuEWiPWUM...0/UlzshzMfIQETRe5p1FGHBWIQZlE.', '0236547891', 'active',
        '2023-10-17 09:53:45.400000', 'student2', 2),
       (4, NULL, NULL, '2023-10-16 00:31:08.000000', NULL, 'LoiCock@example.com', 'Loi Cock', NULL,
        '$2a$12$L/ynEoPnjQNVuEWiPWUM...0/UlzshzMfIQETRe5p1FGHBWIQZlE.', NULL, 'active', '2023-10-17 09:53:47.327000',
        'guard1', 4),
       (5, NULL, NULL, '2023-10-16 00:31:08.000000', NULL, 'TimCock@example.com', 'Tim Cock', NULL,
        '$2a$12$L/ynEoPnjQNVuEWiPWUM...0/UlzshzMfIQETRe5p1FGHBWIQZlE.', NULL, 'active', '2023-10-17 09:53:49.416000',
        'guard2', 4),
       (6, NULL, NULL, '2023-10-16 00:31:08.000000', NULL, 'LoiCock@example.com', 'Tom Nguyen', NULL,
        '$2a$12$L/ynEoPnjQNVuEWiPWUM...0/UlzshzMfIQETRe5p1FGHBWIQZlE.', NULL, 'active', '2023-10-17 09:54:48.014000',
        'manager1', 3),
       (7, NULL, NULL, '2023-10-16 00:31:08.000000', NULL, 'TimCock@example.com', 'Jerry Pham', NULL,
        '$2a$12$L/ynEoPnjQNVuEWiPWUM...0/UlzshzMfIQETRe5p1FGHBWIQZlE.', NULL, 'active', '2023-10-17 09:54:49.425000',
        'manager2', 3);
/*!40000 ALTER TABLE `user` ENABLE KEYS */;
UNLOCK
TABLES;
/*!40103 SET TIME_ZONE=@OLD_TIME_ZONE */;

/*!40101 SET SQL_MODE=@OLD_SQL_MODE */;
/*!40014 SET FOREIGN_KEY_CHECKS=@OLD_FOREIGN_KEY_CHECKS */;
/*!40014 SET UNIQUE_CHECKS=@OLD_UNIQUE_CHECKS */;
/*!40101 SET CHARACTER_SET_CLIENT=@OLD_CHARACTER_SET_CLIENT */;
/*!40101 SET CHARACTER_SET_RESULTS=@OLD_CHARACTER_SET_RESULTS */;
/*!40101 SET COLLATION_CONNECTION=@OLD_COLLATION_CONNECTION */;
/*!40111 SET SQL_NOTES=@OLD_SQL_NOTES */;

-- Dump completed on 2023-10-31  1:58:47
